file,line,type,commit,author,date,time,timezone,datetime,depth,length
style.css,1,css,d4a29446,mathyoutw,2025-01-06,22:16:48,-08:00,2025-01-06T22:16:48-08:00,0,5
style.css,2,css,070fb756,mathyoutw,2025-01-24,18:31:32,-08:00,2025-01-24T18:31:32-08:00,0,44
style.css,3,css,070fb756,mathyoutw,2025-01-24,18:31:32,-08:00,2025-01-24T18:31:32-08:00,0,43
style.css,4,css,070fb756,mathyoutw,2025-01-24,18:31:32,-08:00,2025-01-24T18:31:32-08:00,0,1
style.css,5,css,070fb756,mathyoutw,2025-01-24,18:31:32,-08:00,2025-01-24T18:31:32-08:00,0,24
style.css,6,css,070fb756,mathyoutw,2025-01-24,18:31:32,-08:00,2025-01-24T18:31:32-08:00,0,16
style.css,7,css,070fb756,mathyoutw,2025-01-24,18:31:32,-08:00,2025-01-24T18:31:32-08:00,0,19
style.css,8,css,070fb756,mathyoutw,2025-01-24,18:31:32,-08:00,2025-01-24T18:31:32-08:00,0,13
style.css,9,css,070fb756,mathyoutw,2025-01-24,18:31:32,-08:00,2025-01-24T18:31:32-08:00,0,0
style.css,10,css,070fb756,mathyoutw,2025-01-24,18:31:32,-08:00,2025-01-24T18:31:32-08:00,0,0
style.css,11,css,070fb756,mathyoutw,2025-01-24,18:31:32,-08:00,2025-01-24T18:31:32-08:00,0,5
style.css,12,css,070fb756,mathyoutw,2025-01-24,18:31:32,-08:00,2025-01-24T18:31:32-08:00,0,24
style.css,13,css,070fb756,mathyoutw,2025-01-24,18:31:32,-08:00,2025-01-24T18:31:32-08:00,0,24
style.css,14,css,070fb756,mathyoutw,2025-01-24,18:31:32,-08:00,2025-01-24T18:31:32-08:00,0,17
style.css,15,css,070fb756,mathyoutw,2025-01-24,18:31:32,-08:00,2025-01-24T18:31:32-08:00,0,0
style.css,16,css,070fb756,mathyoutw,2025-01-24,18:31:32,-08:00,2025-01-24T18:31:32-08:00,0,0
style.css,17,css,070fb756,mathyoutw,2025-01-24,18:31:32,-08:00,2025-01-24T18:31:32-08:00,0,6
style.css,18,css,070fb756,mathyoutw,2025-01-24,18:31:32,-08:00,2025-01-24T18:31:32-08:00,0,34
style.css,19,css,e496661a,mathyoutw,2025-01-30,23:42:27,-08:00,2025-01-30T23:42:27-08:00,0,40
style.css,20,css,070fb756,mathyoutw,2025-01-24,18:31:32,-08:00,2025-01-24T18:31:32-08:00,0,0
style.css,21,css,070fb756,mathyoutw,2025-01-24,18:31:32,-08:00,2025-01-24T18:31:32-08:00,0,0
style.css,22,css,070fb756,mathyoutw,2025-01-24,18:31:32,-08:00,2025-01-24T18:31:32-08:00,0,4
style.css,23,css,070fb756,mathyoutw,2025-01-24,18:31:32,-08:00,2025-01-24T18:31:32-08:00,0,40
style.css,24,css,070fb756,mathyoutw,2025-01-24,18:31:32,-08:00,2025-01-24T18:31:32-08:00,0,42
style.css,25,css,070fb756,mathyoutw,2025-01-24,18:31:32,-08:00,2025-01-24T18:31:32-08:00,0,13
style.css,26,css,070fb756,mathyoutw,2025-01-24,18:31:32,-08:00,2025-01-24T18:31:32-08:00,0,18
style.css,27,css,070fb756,mathyoutw,2025-01-24,18:31:32,-08:00,2025-01-24T18:31:32-08:00,0,23
style.css,28,css,070fb756,mathyoutw,2025-01-24,18:31:32,-08:00,2025-01-24T18:31:32-08:00,0,25
style.css,29,css,070fb756,mathyoutw,2025-01-24,18:31:32,-08:00,2025-01-24T18:31:32-08:00,0,40
style.css,30,css,070fb756,mathyoutw,2025-01-24,18:31:32,-08:00,2025-01-24T18:31:32-08:00,0,0
style.css,31,css,070fb756,mathyoutw,2025-01-24,18:31:32,-08:00,2025-01-24T18:31:32-08:00,0,0
style.css,32,css,070fb756,mathyoutw,2025-01-24,18:31:32,-08:00,2025-01-24T18:31:32-08:00,0,12
style.css,33,css,070fb756,mathyoutw,2025-01-24,18:31:32,-08:00,2025-01-24T18:31:32-08:00,0,42
style.css,34,css,070fb756,mathyoutw,2025-01-24,18:31:32,-08:00,2025-01-24T18:31:32-08:00,0,26
style.css,35,css,070fb756,mathyoutw,2025-01-24,18:31:32,-08:00,2025-01-24T18:31:32-08:00,0,26
style.css,36,css,070fb756,mathyoutw,2025-01-24,18:31:32,-08:00,2025-01-24T18:31:32-08:00,0,40
style.css,37,css,070fb756,mathyoutw,2025-01-24,18:31:32,-08:00,2025-01-24T18:31:32-08:00,0,0
style.css,38,css,070fb756,mathyoutw,2025-01-24,18:31:32,-08:00,2025-01-24T18:31:32-08:00,0,0
style.css,39,css,070fb756,mathyoutw,2025-01-24,18:31:32,-08:00,2025-01-24T18:31:32-08:00,0,14
style.css,40,css,070fb756,mathyoutw,2025-01-24,18:31:32,-08:00,2025-01-24T18:31:32-08:00,0,40
style.css,41,css,070fb756,mathyoutw,2025-01-24,18:31:32,-08:00,2025-01-24T18:31:32-08:00,0,7
style.css,42,css,070fb756,mathyoutw,2025-01-24,18:31:32,-08:00,2025-01-24T18:31:32-08:00,0,26
style.css,43,css,070fb756,mathyoutw,2025-01-24,18:31:32,-08:00,2025-01-24T18:31:32-08:00,0,25
style.css,44,css,070fb756,mathyoutw,2025-01-24,18:31:32,-08:00,2025-01-24T18:31:32-08:00,0,21
style.css,45,css,070fb756,mathyoutw,2025-01-24,18:31:32,-08:00,2025-01-24T18:31:32-08:00,0,20
style.css,46,css,070fb756,mathyoutw,2025-01-24,18:31:32,-08:00,2025-01-24T18:31:32-08:00,0,14
style.css,47,css,070fb756,mathyoutw,2025-01-24,18:31:32,-08:00,2025-01-24T18:31:32-08:00,0,17
style.css,48,css,070fb756,mathyoutw,2025-01-24,18:31:32,-08:00,2025-01-24T18:31:32-08:00,0,13
style.css,49,css,070fb756,mathyoutw,2025-01-24,18:31:32,-08:00,2025-01-24T18:31:32-08:00,0,0
style.css,50,css,070fb756,mathyoutw,2025-01-24,18:31:32,-08:00,2025-01-24T18:31:32-08:00,0,0
style.css,51,css,070fb756,mathyoutw,2025-01-24,18:31:32,-08:00,2025-01-24T18:31:32-08:00,0,6
style.css,52,css,070fb756,mathyoutw,2025-01-24,18:31:32,-08:00,2025-01-24T18:31:32-08:00,0,7
style.css,53,css,070fb756,mathyoutw,2025-01-24,18:31:32,-08:00,2025-01-24T18:31:32-08:00,0,21
style.css,54,css,070fb756,mathyoutw,2025-01-24,18:31:32,-08:00,2025-01-24T18:31:32-08:00,0,14
style.css,55,css,070fb756,mathyoutw,2025-01-24,18:31:32,-08:00,2025-01-24T18:31:32-08:00,0,18
style.css,56,css,070fb756,mathyoutw,2025-01-24,18:31:32,-08:00,2025-01-24T18:31:32-08:00,0,14
style.css,57,css,070fb756,mathyoutw,2025-01-24,18:31:32,-08:00,2025-01-24T18:31:32-08:00,0,0
style.css,58,css,070fb756,mathyoutw,2025-01-24,18:31:32,-08:00,2025-01-24T18:31:32-08:00,0,0
style.css,59,css,070fb756,mathyoutw,2025-01-24,18:31:32,-08:00,2025-01-24T18:31:32-08:00,0,14
style.css,60,css,070fb756,mathyoutw,2025-01-24,18:31:32,-08:00,2025-01-24T18:31:32-08:00,0,18
style.css,61,css,070fb756,mathyoutw,2025-01-24,18:31:32,-08:00,2025-01-24T18:31:32-08:00,0,9
style.css,62,css,070fb756,mathyoutw,2025-01-24,18:31:32,-08:00,2025-01-24T18:31:32-08:00,0,11
style.css,63,css,070fb756,mathyoutw,2025-01-24,18:31:32,-08:00,2025-01-24T18:31:32-08:00,0,14
style.css,64,css,070fb756,mathyoutw,2025-01-24,18:31:32,-08:00,2025-01-24T18:31:32-08:00,0,20
style.css,65,css,070fb756,mathyoutw,2025-01-24,18:31:32,-08:00,2025-01-24T18:31:32-08:00,0,13
style.css,66,css,070fb756,mathyoutw,2025-01-24,18:31:32,-08:00,2025-01-24T18:31:32-08:00,0,19
style.css,67,css,070fb756,mathyoutw,2025-01-24,18:31:32,-08:00,2025-01-24T18:31:32-08:00,0,10
style.css,68,css,070fb756,mathyoutw,2025-01-24,18:31:32,-08:00,2025-01-24T18:31:32-08:00,0,0
style.css,69,css,070fb756,mathyoutw,2025-01-24,18:31:32,-08:00,2025-01-24T18:31:32-08:00,0,0
style.css,70,css,070fb756,mathyoutw,2025-01-24,18:31:32,-08:00,2025-01-24T18:31:32-08:00,0,21
style.css,71,css,070fb756,mathyoutw,2025-01-24,18:31:32,-08:00,2025-01-24T18:31:32-08:00,0,14
style.css,72,css,070fb756,mathyoutw,2025-01-24,18:31:32,-08:00,2025-01-24T18:31:32-08:00,0,15
style.css,73,css,070fb756,mathyoutw,2025-01-24,18:31:32,-08:00,2025-01-24T18:31:32-08:00,0,43
style.css,74,css,070fb756,mathyoutw,2025-01-24,18:31:32,-08:00,2025-01-24T18:31:32-08:00,0,21
style.css,75,css,070fb756,mathyoutw,2025-01-24,18:31:32,-08:00,2025-01-24T18:31:32-08:00,0,18
style.css,76,css,070fb756,mathyoutw,2025-01-24,18:31:32,-08:00,2025-01-24T18:31:32-08:00,0,17
style.css,77,css,070fb756,mathyoutw,2025-01-24,18:31:32,-08:00,2025-01-24T18:31:32-08:00,0,0
style.css,78,css,03c46794,mathyoutw,2025-01-30,17:33:03,-08:00,2025-01-30T17:33:03-08:00,0,0
style.css,79,css,03c46794,mathyoutw,2025-01-30,17:33:03,-08:00,2025-01-30T17:33:03-08:00,0,8
style.css,80,css,03c46794,mathyoutw,2025-01-30,17:33:03,-08:00,2025-01-30T17:33:03-08:00,0,13
style.css,81,css,03c46794,mathyoutw,2025-01-30,17:33:03,-08:00,2025-01-30T17:33:03-08:00,0,27
style.css,82,css,03c46794,mathyoutw,2025-01-30,17:33:03,-08:00,2025-01-30T17:33:03-08:00,0,16
style.css,83,css,03c46794,mathyoutw,2025-01-30,17:33:03,-08:00,2025-01-30T17:33:03-08:00,0,0
style.css,84,css,03c46794,mathyoutw,2025-01-30,17:33:03,-08:00,2025-01-30T17:33:03-08:00,0,0
style.css,85,css,03c46794,mathyoutw,2025-01-30,17:33:03,-08:00,2025-01-30T17:33:03-08:00,0,11
style.css,86,css,03c46794,mathyoutw,2025-01-30,17:33:03,-08:00,2025-01-30T17:33:03-08:00,0,9
style.css,87,css,03c46794,mathyoutw,2025-01-30,17:33:03,-08:00,2025-01-30T17:33:03-08:00,0,16
style.css,88,css,03c46794,mathyoutw,2025-01-30,17:33:03,-08:00,2025-01-30T17:33:03-08:00,0,18
style.css,89,css,e496661a,mathyoutw,2025-01-30,23:42:27,-08:00,2025-01-30T23:42:27-08:00,0,0
style.css,90,css,e496661a,mathyoutw,2025-01-30,23:42:27,-08:00,2025-01-30T23:42:27-08:00,0,0
style.css,91,css,2fa4962c,mathyoutw,2025-01-31,17:12:11,-08:00,2025-01-31T17:12:11-08:00,0,10
style.css,92,css,2fa4962c,mathyoutw,2025-01-31,17:12:11,-08:00,2025-01-31T17:12:11-08:00,0,13
style.css,93,css,2fa4962c,mathyoutw,2025-01-31,17:12:11,-08:00,2025-01-31T17:12:11-08:00,0,59
style.css,94,css,2fa4962c,mathyoutw,2025-01-31,17:12:11,-08:00,2025-01-31T17:12:11-08:00,0,43
style.css,95,css,2fa4962c,mathyoutw,2025-01-31,17:12:11,-08:00,2025-01-31T17:12:11-08:00,0,41
style.css,96,css,2fa4962c,mathyoutw,2025-01-31,17:12:11,-08:00,2025-01-31T17:12:11-08:00,0,0
style.css,97,css,2fa4962c,mathyoutw,2025-01-31,17:12:11,-08:00,2025-01-31T17:12:11-08:00,0,0
style.css,98,css,2fa4962c,mathyoutw,2025-01-31,17:12:11,-08:00,2025-01-31T17:12:11-08:00,0,18
style.css,99,css,2fa4962c,mathyoutw,2025-01-31,17:12:11,-08:00,2025-01-31T17:12:11-08:00,0,13
style.css,100,css,2fa4962c,mathyoutw,2025-01-31,17:12:11,-08:00,2025-01-31T17:12:11-08:00,0,27
style.css,101,css,2fa4962c,mathyoutw,2025-01-31,17:12:11,-08:00,2025-01-31T17:12:11-08:00,0,16
style.css,102,css,2fa4962c,mathyoutw,2025-01-31,17:12:11,-08:00,2025-01-31T17:12:11-08:00,0,35
style.css,103,css,2fa4962c,mathyoutw,2025-01-31,17:12:11,-08:00,2025-01-31T17:12:11-08:00,0,56
style.css,104,css,2fa4962c,mathyoutw,2025-01-31,17:12:11,-08:00,2025-01-31T17:12:11-08:00,0,44
style.css,105,css,2fa4962c,mathyoutw,2025-01-31,17:12:11,-08:00,2025-01-31T17:12:11-08:00,0,80
style.css,106,css,2fa4962c,mathyoutw,2025-01-31,17:12:11,-08:00,2025-01-31T17:12:11-08:00,0,0
style.css,107,css,2fa4962c,mathyoutw,2025-01-31,17:12:11,-08:00,2025-01-31T17:12:11-08:00,0,0
style.css,108,css,2fa4962c,mathyoutw,2025-01-31,17:12:11,-08:00,2025-01-31T17:12:11-08:00,0,21
style.css,109,css,2fa4962c,mathyoutw,2025-01-31,17:12:11,-08:00,2025-01-31T17:12:11-08:00,0,9
style.css,110,css,2fa4962c,mathyoutw,2025-01-31,17:12:11,-08:00,2025-01-31T17:12:11-08:00,0,16
style.css,111,css,2fa4962c,mathyoutw,2025-01-31,17:12:11,-08:00,2025-01-31T17:12:11-08:00,0,18
style.css,112,css,2fa4962c,mathyoutw,2025-01-31,17:12:11,-08:00,2025-01-31T17:12:11-08:00,0,0
style.css,113,css,2fa4962c,mathyoutw,2025-01-31,17:12:11,-08:00,2025-01-31T17:12:11-08:00,0,0
style.css,114,css,e496661a,mathyoutw,2025-01-30,23:42:27,-08:00,2025-01-30T23:42:27-08:00,0,18
style.css,115,css,e496661a,mathyoutw,2025-01-30,23:42:27,-08:00,2025-01-30T23:42:27-08:00,0,37
style.css,116,css,2fa4962c,mathyoutw,2025-01-31,17:12:11,-08:00,2025-01-31T17:12:11-08:00,0,20
style.css,117,css,2fa4962c,mathyoutw,2025-01-31,17:12:11,-08:00,2025-01-31T17:12:11-08:00,0,22
style.css,118,css,e496661a,mathyoutw,2025-01-30,23:42:27,-08:00,2025-01-30T23:42:27-08:00,0,14
style.css,119,css,e496661a,mathyoutw,2025-01-30,23:42:27,-08:00,2025-01-30T23:42:27-08:00,0,13
style.css,120,css,e496661a,mathyoutw,2025-01-30,23:42:27,-08:00,2025-01-30T23:42:27-08:00,0,37
style.css,121,css,e496661a,mathyoutw,2025-01-30,23:42:27,-08:00,2025-01-30T23:42:27-08:00,0,16
style.css,122,css,e496661a,mathyoutw,2025-01-30,23:42:27,-08:00,2025-01-30T23:42:27-08:00,0,20
style.css,123,css,e496661a,mathyoutw,2025-01-30,23:42:27,-08:00,2025-01-30T23:42:27-08:00,0,0
style.css,124,css,e496661a,mathyoutw,2025-01-30,23:42:27,-08:00,2025-01-30T23:42:27-08:00,0,0
style.css,125,css,e496661a,mathyoutw,2025-01-30,23:42:27,-08:00,2025-01-30T23:42:27-08:00,0,18
style.css,126,css,e496661a,mathyoutw,2025-01-30,23:42:27,-08:00,2025-01-30T23:42:27-08:00,0,11
style.css,127,css,e496661a,mathyoutw,2025-01-30,23:42:27,-08:00,2025-01-30T23:42:27-08:00,0,0
style.css,128,css,e496661a,mathyoutw,2025-01-30,23:42:27,-08:00,2025-01-30T23:42:27-08:00,0,0
style.css,129,css,e496661a,mathyoutw,2025-01-30,23:42:27,-08:00,2025-01-30T23:42:27-08:00,0,18
style.css,130,css,e496661a,mathyoutw,2025-01-30,23:42:27,-08:00,2025-01-30T23:42:27-08:00,0,16
style.css,131,css,e496661a,mathyoutw,2025-01-30,23:42:27,-08:00,2025-01-30T23:42:27-08:00,0,9
style.css,132,css,e496661a,mathyoutw,2025-01-30,23:42:27,-08:00,2025-01-30T23:42:27-08:00,0,11
style.css,133,css,2fa4962c,mathyoutw,2025-01-31,17:12:11,-08:00,2025-01-31T17:12:11-08:00,0,0
style.css,134,css,2fa4962c,mathyoutw,2025-01-31,17:12:11,-08:00,2025-01-31T17:12:11-08:00,0,0
style.css,135,css,2fa4962c,mathyoutw,2025-01-31,17:12:11,-08:00,2025-01-31T17:12:11-08:00,0,9
style.css,136,css,2fa4962c,mathyoutw,2025-01-31,17:12:11,-08:00,2025-01-31T17:12:11-08:00,0,37
style.css,137,css,2fa4962c,mathyoutw,2025-01-31,17:12:11,-08:00,2025-01-31T17:12:11-08:00,0,20
style.css,138,css,2fa4962c,mathyoutw,2025-01-31,17:12:11,-08:00,2025-01-31T17:12:11-08:00,0,22
style.css,139,css,2fa4962c,mathyoutw,2025-01-31,17:12:11,-08:00,2025-01-31T17:12:11-08:00,0,14
style.css,140,css,2fa4962c,mathyoutw,2025-01-31,17:12:11,-08:00,2025-01-31T17:12:11-08:00,0,42
style.css,141,css,96ca9669,mathyoutw,2025-02-05,16:58:49,-08:00,2025-02-05T16:58:49-08:00,0,0
style.css,142,css,96ca9669,mathyoutw,2025-02-05,16:58:49,-08:00,2025-02-05T16:58:49-08:00,0,0
style.css,143,css,96ca9669,mathyoutw,2025-02-05,16:58:49,-08:00,2025-02-05T16:58:49-08:00,0,19
style.css,144,css,96ca9669,mathyoutw,2025-02-05,16:58:49,-08:00,2025-02-05T16:58:49-08:00,0,15
style.css,145,css,96ca9669,mathyoutw,2025-02-05,16:58:49,-08:00,2025-02-05T16:58:49-08:00,0,17
style.css,146,css,96ca9669,mathyoutw,2025-02-05,16:58:49,-08:00,2025-02-05T16:58:49-08:00,0,17
style.css,147,css,96ca9669,mathyoutw,2025-02-05,16:58:49,-08:00,2025-02-05T16:58:49-08:00,0,0
style.css,148,css,96ca9669,mathyoutw,2025-02-05,16:58:49,-08:00,2025-02-05T16:58:49-08:00,0,0
style.css,149,css,96ca9669,mathyoutw,2025-02-05,16:58:49,-08:00,2025-02-05T16:58:49-08:00,0,10
style.css,150,css,96ca9669,mathyoutw,2025-02-05,16:58:49,-08:00,2025-02-05T16:58:49-08:00,0,13
style.css,151,css,96ca9669,mathyoutw,2025-02-05,16:58:49,-08:00,2025-02-05T16:58:49-08:00,0,7
style.css,152,css,96ca9669,mathyoutw,2025-02-05,16:58:49,-08:00,2025-02-05T16:58:49-08:00,0,58
style.css,153,css,96ca9669,mathyoutw,2025-02-05,16:58:49,-08:00,2025-02-05T16:58:49-08:00,0,8
style.css,154,css,96ca9669,mathyoutw,2025-02-05,16:58:49,-08:00,2025-02-05T16:58:49-08:00,0,56
style.css,155,css,96ca9669,mathyoutw,2025-02-05,16:58:49,-08:00,2025-02-05T16:58:49-08:00,0,44
style.css,156,css,96ca9669,mathyoutw,2025-02-05,16:58:49,-08:00,2025-02-05T16:58:49-08:00,0,48
style.css,157,css,96ca9669,mathyoutw,2025-02-05,16:58:49,-08:00,2025-02-05T16:58:49-08:00,0,48
style.css,158,css,96ca9669,mathyoutw,2025-02-05,16:58:49,-08:00,2025-02-05T16:58:49-08:00,0,0
style.css,159,css,96ca9669,mathyoutw,2025-02-05,16:58:49,-08:00,2025-02-05T16:58:49-08:00,0,16
style.css,160,css,96ca9669,mathyoutw,2025-02-05,16:58:49,-08:00,2025-02-05T16:58:49-08:00,0,65
style.css,161,css,96ca9669,mathyoutw,2025-02-05,16:58:49,-08:00,2025-02-05T16:58:49-08:00,0,30
style.css,162,css,96ca9669,mathyoutw,2025-02-05,16:58:49,-08:00,2025-02-05T16:58:49-08:00,0,32
style.css,163,css,96ca9669,mathyoutw,2025-02-05,16:58:49,-08:00,2025-02-05T16:58:49-08:00,0,61
style.css,164,css,96ca9669,mathyoutw,2025-02-05,16:58:49,-08:00,2025-02-05T16:58:49-08:00,0,18
style.css,165,css,96ca9669,mathyoutw,2025-02-05,16:58:49,-08:00,2025-02-05T16:58:49-08:00,0,0
style.css,166,css,96ca9669,mathyoutw,2025-02-05,16:58:49,-08:00,2025-02-05T16:58:49-08:00,0,0
style.css,167,css,96ca9669,mathyoutw,2025-02-05,16:58:49,-08:00,2025-02-05T16:58:49-08:00,0,11
style.css,168,css,96ca9669,mathyoutw,2025-02-05,16:58:49,-08:00,2025-02-05T16:58:49-08:00,0,40
style.css,169,css,96ca9669,mathyoutw,2025-02-05,16:58:49,-08:00,2025-02-05T16:58:49-08:00,0,7
style.css,170,css,96ca9669,mathyoutw,2025-02-05,16:58:49,-08:00,2025-02-05T16:58:49-08:00,0,73
style.css,171,css,96ca9669,mathyoutw,2025-02-05,16:58:49,-08:00,2025-02-05T16:58:49-08:00,0,42
style.css,172,css,96ca9669,mathyoutw,2025-02-05,16:58:49,-08:00,2025-02-05T16:58:49-08:00,0,0
style.css,173,css,96ca9669,mathyoutw,2025-02-05,16:58:49,-08:00,2025-02-05T16:58:49-08:00,0,0
style.css,174,css,96ca9669,mathyoutw,2025-02-05,16:58:49,-08:00,2025-02-05T16:58:49-08:00,0,14
style.css,175,css,96ca9669,mathyoutw,2025-02-05,16:58:49,-08:00,2025-02-05T16:58:49-08:00,0,13
style.css,176,css,96ca9669,mathyoutw,2025-02-05,16:58:49,-08:00,2025-02-05T16:58:49-08:00,0,19
style.css,177,css,96ca9669,mathyoutw,2025-02-05,16:58:49,-08:00,2025-02-05T16:58:49-08:00,0,8
style.css,178,css,96ca9669,mathyoutw,2025-02-05,16:58:49,-08:00,2025-02-05T16:58:49-08:00,0,0
style.css,179,css,96ca9669,mathyoutw,2025-02-05,16:58:49,-08:00,2025-02-05T16:58:49-08:00,0,0
style.css,180,css,96ca9669,mathyoutw,2025-02-05,16:58:49,-08:00,2025-02-05T16:58:49-08:00,0,11
style.css,181,css,96ca9669,mathyoutw,2025-02-05,16:58:49,-08:00,2025-02-05T16:58:49-08:00,0,57
style.css,182,css,96ca9669,mathyoutw,2025-02-05,16:58:49,-08:00,2025-02-05T16:58:49-08:00,0,54
style.css,183,css,96ca9669,mathyoutw,2025-02-05,16:58:49,-08:00,2025-02-05T16:58:49-08:00,0,38
style.css,184,css,96ca9669,mathyoutw,2025-02-05,16:58:49,-08:00,2025-02-05T16:58:49-08:00,0,56
style.css,185,css,96ca9669,mathyoutw,2025-02-05,16:58:49,-08:00,2025-02-05T16:58:49-08:00,0,44
style.css,186,css,96ca9669,mathyoutw,2025-02-05,16:58:49,-08:00,2025-02-05T16:58:49-08:00,0,80
style.css,187,css,96ca9669,mathyoutw,2025-02-05,16:58:49,-08:00,2025-02-05T16:58:49-08:00,0,60
style.css,188,css,96ca9669,mathyoutw,2025-02-05,16:58:49,-08:00,2025-02-05T16:58:49-08:00,0,0
style.css,189,css,96ca9669,mathyoutw,2025-02-05,16:58:49,-08:00,2025-02-05T16:58:49-08:00,0,0
style.css,190,css,96ca9669,mathyoutw,2025-02-05,16:58:49,-08:00,2025-02-05T16:58:49-08:00,0,37
style.css,191,css,96ca9669,mathyoutw,2025-02-05,16:58:49,-08:00,2025-02-05T16:58:49-08:00,0,12
style.css,192,css,96ca9669,mathyoutw,2025-02-05,16:58:49,-08:00,2025-02-05T16:58:49-08:00,0,0
style.css,193,css,96ca9669,mathyoutw,2025-02-05,16:58:49,-08:00,2025-02-05T16:58:49-08:00,0,0
style.css,194,css,96ca9669,mathyoutw,2025-02-05,16:58:49,-08:00,2025-02-05T16:58:49-08:00,0,5
style.css,195,css,96ca9669,mathyoutw,2025-02-05,16:58:49,-08:00,2025-02-05T16:58:49-08:00,0,17
style.css,196,css,96ca9669,mathyoutw,2025-02-05,16:58:49,-08:00,2025-02-05T16:58:49-08:00,0,15
style.css,197,css,96ca9669,mathyoutw,2025-02-05,16:58:49,-08:00,2025-02-05T16:58:49-08:00,0,0
style.css,198,css,96ca9669,mathyoutw,2025-02-05,16:58:49,-08:00,2025-02-05T16:58:49-08:00,0,0
style.css,199,css,96ca9669,mathyoutw,2025-02-05,16:58:49,-08:00,2025-02-05T16:58:49-08:00,0,10
style.css,200,css,96ca9669,mathyoutw,2025-02-05,16:58:49,-08:00,2025-02-05T16:58:49-08:00,0,36
style.css,201,css,96ca9669,mathyoutw,2025-02-05,16:58:49,-08:00,2025-02-05T16:58:49-08:00,0,0
style.css,202,css,96ca9669,mathyoutw,2025-02-05,16:58:49,-08:00,2025-02-05T16:58:49-08:00,0,0
style.css,203,css,96ca9669,mathyoutw,2025-02-05,16:58:49,-08:00,2025-02-05T16:58:49-08:00,0,19
style.css,204,css,96ca9669,mathyoutw,2025-02-05,16:58:49,-08:00,2025-02-05T16:58:49-08:00,0,18
style.css,205,css,17701ebd,mathyoutw,2025-02-13,00:59:54,-08:00,2025-02-13T00:59:54-08:00,0,0
style.css,206,css,17701ebd,mathyoutw,2025-02-13,00:59:54,-08:00,2025-02-13T00:59:54-08:00,0,0
style.css,207,css,17701ebd,mathyoutw,2025-02-13,00:59:54,-08:00,2025-02-13T00:59:54-08:00,0,7
style.css,208,css,17701ebd,mathyoutw,2025-02-13,00:59:54,-08:00,2025-02-13T00:59:54-08:00,0,37
style.css,209,css,17701ebd,mathyoutw,2025-02-13,00:59:54,-08:00,2025-02-13T00:59:54-08:00,0,20
style.css,210,css,17701ebd,mathyoutw,2025-02-13,00:59:54,-08:00,2025-02-13T00:59:54-08:00,0,22
style.css,211,css,17701ebd,mathyoutw,2025-02-13,00:59:54,-08:00,2025-02-13T00:59:54-08:00,0,14
style.css,212,css,17701ebd,mathyoutw,2025-02-13,00:59:54,-08:00,2025-02-13T00:59:54-08:00,0,13
style.css,213,css,17701ebd,mathyoutw,2025-02-13,00:59:54,-08:00,2025-02-13T00:59:54-08:00,0,37
style.css,214,css,17701ebd,mathyoutw,2025-02-13,00:59:54,-08:00,2025-02-13T00:59:54-08:00,0,16
style.css,215,css,17701ebd,mathyoutw,2025-02-13,00:59:54,-08:00,2025-02-13T00:59:54-08:00,0,20
style.css,216,css,17701ebd,mathyoutw,2025-02-13,00:59:54,-08:00,2025-02-13T00:59:54-08:00,0,0
style.css,217,css,17701ebd,mathyoutw,2025-02-13,00:59:54,-08:00,2025-02-13T00:59:54-08:00,0,0
style.css,218,css,17701ebd,mathyoutw,2025-02-13,00:59:54,-08:00,2025-02-13T00:59:54-08:00,0,10
style.css,219,css,17701ebd,mathyoutw,2025-02-13,00:59:54,-08:00,2025-02-13T00:59:54-08:00,0,11
style.css,220,css,17701ebd,mathyoutw,2025-02-13,00:59:54,-08:00,2025-02-13T00:59:54-08:00,0,0
style.css,221,css,17701ebd,mathyoutw,2025-02-13,00:59:54,-08:00,2025-02-13T00:59:54-08:00,0,0
style.css,222,css,17701ebd,mathyoutw,2025-02-13,00:59:54,-08:00,2025-02-13T00:59:54-08:00,0,10
style.css,223,css,17701ebd,mathyoutw,2025-02-13,00:59:54,-08:00,2025-02-13T00:59:54-08:00,0,16
style.css,224,css,17701ebd,mathyoutw,2025-02-13,00:59:54,-08:00,2025-02-13T00:59:54-08:00,0,9
style.css,225,css,17701ebd,mathyoutw,2025-02-13,00:59:54,-08:00,2025-02-13T00:59:54-08:00,0,11
style.css,226,css,17701ebd,mathyoutw,2025-02-13,00:59:54,-08:00,2025-02-13T00:59:54-08:00,0,0
style.css,227,css,17701ebd,mathyoutw,2025-02-13,00:59:54,-08:00,2025-02-13T00:59:54-08:00,0,0
style.css,228,css,17701ebd,mathyoutw,2025-02-13,00:59:54,-08:00,2025-02-13T00:59:54-08:00,0,11
style.css,229,css,17701ebd,mathyoutw,2025-02-13,00:59:54,-08:00,2025-02-13T00:59:54-08:00,0,27
style.css,230,css,17701ebd,mathyoutw,2025-02-13,00:59:54,-08:00,2025-02-13T00:59:54-08:00,0,19
style.css,231,css,17701ebd,mathyoutw,2025-02-13,00:59:54,-08:00,2025-02-13T00:59:54-08:00,0,17
style.css,232,css,17701ebd,mathyoutw,2025-02-13,00:59:54,-08:00,2025-02-13T00:59:54-08:00,0,0
style.css,233,css,17701ebd,mathyoutw,2025-02-13,00:59:54,-08:00,2025-02-13T00:59:54-08:00,0,0
style.css,234,css,17701ebd,mathyoutw,2025-02-13,00:59:54,-08:00,2025-02-13T00:59:54-08:00,0,8
style.css,235,css,17701ebd,mathyoutw,2025-02-13,00:59:54,-08:00,2025-02-13T00:59:54-08:00,0,13
style.css,236,css,17701ebd,mathyoutw,2025-02-13,00:59:54,-08:00,2025-02-13T00:59:54-08:00,0,31
style.css,237,css,17701ebd,mathyoutw,2025-02-13,00:59:54,-08:00,2025-02-13T00:59:54-08:00,0,10
style.css,238,css,17701ebd,mathyoutw,2025-02-13,00:59:54,-08:00,2025-02-13T00:59:54-08:00,0,0
style.css,239,css,17701ebd,mathyoutw,2025-02-13,00:59:54,-08:00,2025-02-13T00:59:54-08:00,0,0
style.css,240,css,17701ebd,mathyoutw,2025-02-13,00:59:54,-08:00,2025-02-13T00:59:54-08:00,0,11
style.css,241,css,17701ebd,mathyoutw,2025-02-13,00:59:54,-08:00,2025-02-13T00:59:54-08:00,0,9
style.css,242,css,17701ebd,mathyoutw,2025-02-13,00:59:54,-08:00,2025-02-13T00:59:54-08:00,0,17
style.css,243,css,17701ebd,mathyoutw,2025-02-13,00:59:54,-08:00,2025-02-13T00:59:54-08:00,0,26
style.css,244,css,17701ebd,mathyoutw,2025-02-13,00:59:54,-08:00,2025-02-13T00:59:54-08:00,0,0
style.css,245,css,17701ebd,mathyoutw,2025-02-13,00:59:54,-08:00,2025-02-13T00:59:54-08:00,0,0
style.css,246,css,17701ebd,mathyoutw,2025-02-13,00:59:54,-08:00,2025-02-13T00:59:54-08:00,0,11
style.css,247,css,17701ebd,mathyoutw,2025-02-13,00:59:54,-08:00,2025-02-13T00:59:54-08:00,0,9
style.css,248,css,17701ebd,mathyoutw,2025-02-13,00:59:54,-08:00,2025-02-13T00:59:54-08:00,0,19
style.css,249,css,17701ebd,mathyoutw,2025-02-13,00:59:54,-08:00,2025-02-13T00:59:54-08:00,0,0
style.css,250,css,17701ebd,mathyoutw,2025-02-13,00:59:54,-08:00,2025-02-13T00:59:54-08:00,0,0
style.css,251,css,17701ebd,mathyoutw,2025-02-13,00:59:54,-08:00,2025-02-13T00:59:54-08:00,0,9
style.css,252,css,17701ebd,mathyoutw,2025-02-13,00:59:54,-08:00,2025-02-13T00:59:54-08:00,0,18
style.css,253,css,17701ebd,mathyoutw,2025-02-13,00:59:54,-08:00,2025-02-13T00:59:54-08:00,0,8
style.css,254,css,17701ebd,mathyoutw,2025-02-13,00:59:54,-08:00,2025-02-13T00:59:54-08:00,0,9
style.css,255,css,17701ebd,mathyoutw,2025-02-13,00:59:54,-08:00,2025-02-13T00:59:54-08:00,0,14
style.css,256,css,17701ebd,mathyoutw,2025-02-13,00:59:54,-08:00,2025-02-13T00:59:54-08:00,0,42
style.css,257,css,17701ebd,mathyoutw,2025-02-13,00:59:54,-08:00,2025-02-13T00:59:54-08:00,0,12
style.css,258,css,17701ebd,mathyoutw,2025-02-13,00:59:54,-08:00,2025-02-13T00:59:54-08:00,0,20
style.css,259,css,17701ebd,mathyoutw,2025-02-13,00:59:54,-08:00,2025-02-13T00:59:54-08:00,0,42
style.css,260,css,17701ebd,mathyoutw,2025-02-13,00:59:54,-08:00,2025-02-13T00:59:54-08:00,0,26
style.css,261,css,17701ebd,mathyoutw,2025-02-13,00:59:54,-08:00,2025-02-13T00:59:54-08:00,0,13
style.css,262,css,17701ebd,mathyoutw,2025-02-13,00:59:54,-08:00,2025-02-13T00:59:54-08:00,0,0
style.css,263,css,17701ebd,mathyoutw,2025-02-13,00:59:54,-08:00,2025-02-13T00:59:54-08:00,0,0
style.css,264,css,17701ebd,mathyoutw,2025-02-13,00:59:54,-08:00,2025-02-13T00:59:54-08:00,0,7
style.css,265,css,17701ebd,mathyoutw,2025-02-13,00:59:54,-08:00,2025-02-13T00:59:54-08:00,0,17
style.css,266,css,17701ebd,mathyoutw,2025-02-13,00:59:54,-08:00,2025-02-13T00:59:54-08:00,0,24
style.css,267,css,17701ebd,mathyoutw,2025-02-13,00:59:54,-08:00,2025-02-13T00:59:54-08:00,0,23
style.css,268,css,17701ebd,mathyoutw,2025-02-13,00:59:54,-08:00,2025-02-13T00:59:54-08:00,0,0
style.css,269,css,17701ebd,mathyoutw,2025-02-13,00:59:54,-08:00,2025-02-13T00:59:54-08:00,0,0
style.css,270,css,87905ee5,mathyoutw,2025-02-13,16:23:59,-08:00,2025-02-13T16:23:59-08:00,0,16
style.css,271,css,87905ee5,mathyoutw,2025-02-13,16:23:59,-08:00,2025-02-13T16:23:59-08:00,0,13
style.css,272,css,87905ee5,mathyoutw,2025-02-13,16:23:59,-08:00,2025-02-13T16:23:59-08:00,0,0
style.css,273,css,87905ee5,mathyoutw,2025-02-13,16:23:59,-08:00,2025-02-13T16:23:59-08:00,0,0
style.css,274,css,17701ebd,mathyoutw,2025-02-13,00:59:54,-08:00,2025-02-13T00:59:54-08:00,0,13
style.css,275,css,17701ebd,mathyoutw,2025-02-13,00:59:54,-08:00,2025-02-13T00:59:54-08:00,0,21
style.css,276,css,17701ebd,mathyoutw,2025-02-13,00:59:54,-08:00,2025-02-13T00:59:54-08:00,0,0
style.css,277,css,17701ebd,mathyoutw,2025-02-13,00:59:54,-08:00,2025-02-13T00:59:54-08:00,0,0
style.css,278,css,17701ebd,mathyoutw,2025-02-13,00:59:54,-08:00,2025-02-13T00:59:54-08:00,0,8
style.css,279,css,17701ebd,mathyoutw,2025-02-13,00:59:54,-08:00,2025-02-13T00:59:54-08:00,0,25
style.css,280,css,17701ebd,mathyoutw,2025-02-13,00:59:54,-08:00,2025-02-13T00:59:54-08:00,0,26
style.css,281,css,17701ebd,mathyoutw,2025-02-13,00:59:54,-08:00,2025-02-13T00:59:54-08:00,0,40
style.css,282,css,17701ebd,mathyoutw,2025-02-13,00:59:54,-08:00,2025-02-13T00:59:54-08:00,0,0
style.css,283,css,17701ebd,mathyoutw,2025-02-13,00:59:54,-08:00,2025-02-13T00:59:54-08:00,0,0
style.css,284,css,17701ebd,mathyoutw,2025-02-13,00:59:54,-08:00,2025-02-13T00:59:54-08:00,0,43
style.css,285,css,17701ebd,mathyoutw,2025-02-13,00:59:54,-08:00,2025-02-13T00:59:54-08:00,0,10
style.css,286,css,17701ebd,mathyoutw,2025-02-13,00:59:54,-08:00,2025-02-13T00:59:54-08:00,0,18
style.css,287,css,87905ee5,mathyoutw,2025-02-13,16:23:59,-08:00,2025-02-13T16:23:59-08:00,0,0
style.css,288,css,87905ee5,mathyoutw,2025-02-13,16:23:59,-08:00,2025-02-13T16:23:59-08:00,0,0
style.css,289,css,87905ee5,mathyoutw,2025-02-13,16:23:59,-08:00,2025-02-13T16:23:59-08:00,0,25
style.css,290,css,87905ee5,mathyoutw,2025-02-13,16:23:59,-08:00,2025-02-13T16:23:59-08:00,0,3
style.css,291,css,87905ee5,mathyoutw,2025-02-13,16:23:59,-08:00,2025-02-13T16:23:59-08:00,0,33
style.css,292,css,87905ee5,mathyoutw,2025-02-13,16:23:59,-08:00,2025-02-13T16:23:59-08:00,0,0
style.css,293,css,87905ee5,mathyoutw,2025-02-13,16:23:59,-08:00,2025-02-13T16:23:59-08:00,0,0
style.css,294,css,87905ee5,mathyoutw,2025-02-13,16:23:59,-08:00,2025-02-13T16:23:59-08:00,0,0
style.css,295,css,87905ee5,mathyoutw,2025-02-13,16:23:59,-08:00,2025-02-13T16:23:59-08:00,0,11
style.css,296,css,87905ee5,mathyoutw,2025-02-13,16:23:59,-08:00,2025-02-13T16:23:59-08:00,0,17
style.css,297,css,87905ee5,mathyoutw,2025-02-13,16:23:59,-08:00,2025-02-13T16:23:59-08:00,0,13
style.css,298,css,87905ee5,mathyoutw,2025-02-13,16:23:59,-08:00,2025-02-13T16:23:59-08:00,0,19
style.css,299,css,87905ee5,mathyoutw,2025-02-13,16:23:59,-08:00,2025-02-13T16:23:59-08:00,0,21
style.css,300,css,87905ee5,mathyoutw,2025-02-13,16:23:59,-08:00,2025-02-13T16:23:59-08:00,0,43
style.css,301,css,87905ee5,mathyoutw,2025-02-13,16:23:59,-08:00,2025-02-13T16:23:59-08:00,0,0
style.css,302,css,87905ee5,mathyoutw,2025-02-13,16:23:59,-08:00,2025-02-13T16:23:59-08:00,0,0
style.css,303,css,87905ee5,mathyoutw,2025-02-13,16:23:59,-08:00,2025-02-13T16:23:59-08:00,0,17
style.css,304,css,87905ee5,mathyoutw,2025-02-13,16:23:59,-08:00,2025-02-13T16:23:59-08:00,0,14
style.css,305,css,0746ef43,mathyoutw,2025-02-13,16:30:10,-08:00,2025-02-13T16:30:10-08:00,0,14
style.css,306,css,87905ee5,mathyoutw,2025-02-13,16:23:59,-08:00,2025-02-13T16:23:59-08:00,0,17
style.css,307,css,0746ef43,mathyoutw,2025-02-13,16:30:10,-08:00,2025-02-13T16:30:10-08:00,0,0
style.css,308,css,87905ee5,mathyoutw,2025-02-13,16:23:59,-08:00,2025-02-13T16:23:59-08:00,0,0
style.css,309,css,87905ee5,mathyoutw,2025-02-13,16:23:59,-08:00,2025-02-13T16:23:59-08:00,0,20
style.css,310,css,87905ee5,mathyoutw,2025-02-13,16:23:59,-08:00,2025-02-13T16:23:59-08:00,0,37
style.css,311,css,87905ee5,mathyoutw,2025-02-13,16:23:59,-08:00,2025-02-13T16:23:59-08:00,0,20
style.css,312,css,87905ee5,mathyoutw,2025-02-13,16:23:59,-08:00,2025-02-13T16:23:59-08:00,0,22
style.css,313,css,87905ee5,mathyoutw,2025-02-13,16:23:59,-08:00,2025-02-13T16:23:59-08:00,0,14
style.css,314,css,87905ee5,mathyoutw,2025-02-13,16:23:59,-08:00,2025-02-13T16:23:59-08:00,0,13
style.css,315,css,87905ee5,mathyoutw,2025-02-13,16:23:59,-08:00,2025-02-13T16:23:59-08:00,0,37
style.css,316,css,87905ee5,mathyoutw,2025-02-13,16:23:59,-08:00,2025-02-13T16:23:59-08:00,0,16
style.css,317,css,87905ee5,mathyoutw,2025-02-13,16:23:59,-08:00,2025-02-13T16:23:59-08:00,0,20
style.css,318,css,87905ee5,mathyoutw,2025-02-13,16:23:59,-08:00,2025-02-13T16:23:59-08:00,0,25
style.css,319,css,03c46794,mathyoutw,2025-01-30,17:33:03,-08:00,2025-01-30T17:33:03-08:00,0,0
index.js,1,js,a154f4b0,mathyoutw,2025-01-30,23:49:18,-08:00,2025-01-30T23:49:18-08:00,0,72
index.js,2,js,e496661a,mathyoutw,2025-01-30,23:42:27,-08:00,2025-01-30T23:42:27-08:00,0,55
index.js,3,js,e496661a,mathyoutw,2025-01-30,23:42:27,-08:00,2025-01-30T23:42:27-08:00,0,43
index.js,4,js,e496661a,mathyoutw,2025-01-30,23:42:27,-08:00,2025-01-30T23:42:27-08:00,0,61
index.js,5,js,e496661a,mathyoutw,2025-01-30,23:42:27,-08:00,2025-01-30T23:42:27-08:00,0,55
index.js,6,js,e496661a,mathyoutw,2025-01-30,23:42:27,-08:00,2025-01-30T23:42:27-08:00,0,53
index.js,7,js,e496661a,mathyoutw,2025-01-30,23:42:27,-08:00,2025-01-30T23:42:27-08:00,0,61
index.js,8,js,e496661a,mathyoutw,2025-01-30,23:42:27,-08:00,2025-01-30T23:42:27-08:00,0,0
index.js,9,js,e496661a,mathyoutw,2025-01-30,23:42:27,-08:00,2025-01-30T23:42:27-08:00,0,18
index.js,10,js,e496661a,mathyoutw,2025-01-30,23:42:27,-08:00,2025-01-30T23:42:27-08:00,0,25
index.js,11,js,e496661a,mathyoutw,2025-01-30,23:42:27,-08:00,2025-01-30T23:42:27-08:00,0,3
index.js,12,js,e496661a,mathyoutw,2025-01-30,23:42:27,-08:00,2025-01-30T23:42:27-08:00,0,56
index.js,13,js,e496661a,mathyoutw,2025-01-30,23:42:27,-08:00,2025-01-30T23:42:27-08:00,0,56
index.js,14,js,e496661a,mathyoutw,2025-01-30,23:42:27,-08:00,2025-01-30T23:42:27-08:00,0,50
index.js,15,js,e496661a,mathyoutw,2025-01-30,23:42:27,-08:00,2025-01-30T23:42:27-08:00,0,50
index.js,16,js,e496661a,mathyoutw,2025-01-30,23:42:27,-08:00,2025-01-30T23:42:27-08:00,0,4
index.js,17,js,e496661a,mathyoutw,2025-01-30,23:42:27,-08:00,2025-01-30T23:42:27-08:00,0,1
index.js,18,js,e496661a,mathyoutw,2025-01-30,23:42:27,-08:00,2025-01-30T23:42:27-08:00,0,0
index.html,1,html,495f6dee,mathyoutw,2025-01-06,17:52:57,-08:00,2025-01-06T17:52:57-08:00,0,14
index.html,2,html,fc36a562,mathyoutw,2025-01-24,13:22:22,-08:00,2025-01-24T13:22:22-08:00,0,28
index.html,3,html,495f6dee,mathyoutw,2025-01-06,17:52:57,-08:00,2025-01-06T17:52:57-08:00,0,5
index.html,4,html,495f6dee,mathyoutw,2025-01-06,17:52:57,-08:00,2025-01-06T17:52:57-08:00,0,21
index.html,5,html,495f6dee,mathyoutw,2025-01-06,17:52:57,-08:00,2025-01-06T17:52:57-08:00,0,69
index.html,6,html,e7f133a4,mathyoutw,2025-01-22,21:14:47,-08:00,2025-01-22T21:14:47-08:00,0,39
index.html,7,html,e7f133a4,mathyoutw,2025-01-22,21:14:47,-08:00,2025-01-22T21:14:47-08:00,0,46
index.html,8,html,e496661a,mathyoutw,2025-01-30,23:42:27,-08:00,2025-01-30T23:42:27-08:00,0,51
index.html,9,html,495f6dee,mathyoutw,2025-01-06,17:52:57,-08:00,2025-01-06T17:52:57-08:00,0,55
index.html,10,html,495f6dee,mathyoutw,2025-01-06,17:52:57,-08:00,2025-01-06T17:52:57-08:00,0,6
index.html,11,html,070fb756,mathyoutw,2025-01-24,18:31:32,-08:00,2025-01-24T18:31:32-08:00,0,5
index.html,12,html,495f6dee,mathyoutw,2025-01-06,17:52:57,-08:00,2025-01-06T17:52:57-08:00,0,20
index.html,13,html,d4a29446,mathyoutw,2025-01-06,22:16:48,-08:00,2025-01-06T22:16:48-08:00,0,50
index.html,14,html,e496661a,mathyoutw,2025-01-30,23:42:27,-08:00,2025-01-30T23:42:27-08:00,0,23
index.html,15,html,e496661a,mathyoutw,2025-01-30,23:42:27,-08:00,2025-01-30T23:42:27-08:00,0,29
index.html,16,html,e496661a,mathyoutw,2025-01-30,23:42:27,-08:00,2025-01-30T23:42:27-08:00,0,23
index.html,17,html,e496661a,mathyoutw,2025-01-30,23:42:27,-08:00,2025-01-30T23:42:27-08:00,0,21
index.html,18,html,e496661a,mathyoutw,2025-01-30,23:42:27,-08:00,2025-01-30T23:42:27-08:00,0,50
index.html,19,html,e496661a,mathyoutw,2025-01-30,23:42:27,-08:00,2025-01-30T23:42:27-08:00,0,5
index.html,20,html,495f6dee,mathyoutw,2025-01-06,17:52:57,-08:00,2025-01-06T17:52:57-08:00,0,6
index.html,21,html,495f6dee,mathyoutw,2025-01-06,17:52:57,-08:00,2025-01-06T17:52:57-08:00,0,6
global.js,1,js,e7f133a4,mathyoutw,2025-01-22,21:14:47,-08:00,2025-01-22T21:14:47-08:00,0,26
global.js,2,js,e7f133a4,mathyoutw,2025-01-22,21:14:47,-08:00,2025-01-22T21:14:47-08:00,0,0
global.js,3,js,e7f133a4,mathyoutw,2025-01-22,21:14:47,-08:00,2025-01-22T21:14:47-08:00,0,42
global.js,4,js,e7f133a4,mathyoutw,2025-01-22,21:14:47,-08:00,2025-01-22T21:14:47-08:00,0,53
global.js,5,js,a586f765,mathyoutw,2025-01-22,21:57:39,-08:00,2025-01-22T21:57:39-08:00,0,0
global.js,6,js,a586f765,mathyoutw,2025-01-22,21:57:39,-08:00,2025-01-22T21:57:39-08:00,0,0
global.js,7,js,a586f765,mathyoutw,2025-01-22,21:57:39,-08:00,2025-01-22T21:57:39-08:00,0,29
global.js,8,js,a586f765,mathyoutw,2025-01-22,21:57:39,-08:00,2025-01-22T21:57:39-08:00,0,34
global.js,9,js,a586f765,mathyoutw,2025-01-22,21:57:39,-08:00,2025-01-22T21:57:39-08:00,0,73
global.js,10,js,a586f765,mathyoutw,2025-01-22,21:57:39,-08:00,2025-01-22T21:57:39-08:00,0,4
global.js,11,js,a586f765,mathyoutw,2025-01-22,21:57:39,-08:00,2025-01-22T21:57:39-08:00,0,20
global.js,12,js,a586f765,mathyoutw,2025-01-22,21:57:39,-08:00,2025-01-22T21:57:39-08:00,0,43
global.js,13,js,a586f765,mathyoutw,2025-01-22,21:57:39,-08:00,2025-01-22T21:57:39-08:00,0,3
global.js,14,js,a586f765,mathyoutw,2025-01-22,21:57:39,-08:00,2025-01-22T21:57:39-08:00,0,0
global.js,15,js,a586f765,mathyoutw,2025-01-22,21:57:39,-08:00,2025-01-22T21:57:39-08:00,0,71
global.js,16,js,a586f765,mathyoutw,2025-01-22,21:57:39,-08:00,2025-01-22T21:57:39-08:00,0,0
global.js,17,js,a586f765,mathyoutw,2025-01-22,21:57:39,-08:00,2025-01-22T21:57:39-08:00,0,12
global.js,18,js,29c75a33,mathyoutw,2025-01-24,13:47:49,-08:00,2025-01-24T13:47:49-08:00,0,25
global.js,19,js,070fb756,mathyoutw,2025-01-24,18:31:32,-08:00,2025-01-24T18:31:32-08:00,0,36
global.js,20,js,070fb756,mathyoutw,2025-01-24,18:31:32,-08:00,2025-01-24T18:31:32-08:00,0,38
global.js,21,js,17701ebd,mathyoutw,2025-02-13,00:59:54,-08:00,2025-02-13T00:59:54-08:00,0,30
global.js,22,js,070fb756,mathyoutw,2025-01-24,18:31:32,-08:00,2025-01-24T18:31:32-08:00,0,34
global.js,23,js,a586f765,mathyoutw,2025-01-22,21:57:39,-08:00,2025-01-22T21:57:39-08:00,0,54
global.js,24,js,a586f765,mathyoutw,2025-01-22,21:57:39,-08:00,2025-01-22T21:57:39-08:00,0,1
global.js,25,js,a586f765,mathyoutw,2025-01-22,21:57:39,-08:00,2025-01-22T21:57:39-08:00,0,0
global.js,26,js,a586f765,mathyoutw,2025-01-22,21:57:39,-08:00,2025-01-22T21:57:39-08:00,0,39
global.js,27,js,a586f765,mathyoutw,2025-01-22,21:57:39,-08:00,2025-01-22T21:57:39-08:00,0,26
global.js,28,js,a586f765,mathyoutw,2025-01-22,21:57:39,-08:00,2025-01-22T21:57:39-08:00,0,0
global.js,29,js,a586f765,mathyoutw,2025-01-22,21:57:39,-08:00,2025-01-22T21:57:39-08:00,0,21
global.js,30,js,a586f765,mathyoutw,2025-01-22,21:57:39,-08:00,2025-01-22T21:57:39-08:00,0,15
global.js,31,js,a586f765,mathyoutw,2025-01-22,21:57:39,-08:00,2025-01-22T21:57:39-08:00,0,19
global.js,32,js,a586f765,mathyoutw,2025-01-22,21:57:39,-08:00,2025-01-22T21:57:39-08:00,0,0
global.js,33,js,a586f765,mathyoutw,2025-01-22,21:57:39,-08:00,2025-01-22T21:57:39-08:00,0,45
global.js,34,js,a586f765,mathyoutw,2025-01-22,21:57:39,-08:00,2025-01-22T21:57:39-08:00,0,17
global.js,35,js,a586f765,mathyoutw,2025-01-22,21:57:39,-08:00,2025-01-22T21:57:39-08:00,0,0
global.js,36,js,a586f765,mathyoutw,2025-01-22,21:57:39,-08:00,2025-01-22T21:57:39-08:00,0,0
global.js,37,js,a586f765,mathyoutw,2025-01-22,21:57:39,-08:00,2025-01-22T21:57:39-08:00,0,35
global.js,38,js,a586f765,mathyoutw,2025-01-22,21:57:39,-08:00,2025-01-22T21:57:39-08:00,0,12
global.js,39,js,a586f765,mathyoutw,2025-01-22,21:57:39,-08:00,2025-01-22T21:57:39-08:00,0,21
global.js,40,js,070fb756,mathyoutw,2025-01-24,18:31:32,-08:00,2025-01-24T18:31:32-08:00,0,18
global.js,41,js,070fb756,mathyoutw,2025-01-24,18:31:32,-08:00,2025-01-24T18:31:32-08:00,0,9
global.js,42,js,070fb756,mathyoutw,2025-01-24,18:31:32,-08:00,2025-01-24T18:31:32-08:00,0,59
global.js,43,js,070fb756,mathyoutw,2025-01-24,18:31:32,-08:00,2025-01-24T18:31:32-08:00,0,1
global.js,44,js,a586f765,mathyoutw,2025-01-22,21:57:39,-08:00,2025-01-22T21:57:39-08:00,0,30
global.js,45,js,a586f765,mathyoutw,2025-01-22,21:57:39,-08:00,2025-01-22T21:57:39-08:00,0,19
global.js,46,js,a586f765,mathyoutw,2025-01-22,21:57:39,-08:00,2025-01-22T21:57:39-08:00,0,0
global.js,47,js,a586f765,mathyoutw,2025-01-22,21:57:39,-08:00,2025-01-22T21:57:39-08:00,0,13
global.js,48,js,070fb756,mathyoutw,2025-01-24,18:31:32,-08:00,2025-01-24T18:31:32-08:00,0,0
global.js,49,js,070fb756,mathyoutw,2025-01-24,18:31:32,-08:00,2025-01-24T18:31:32-08:00,0,0
global.js,50,js,070fb756,mathyoutw,2025-01-24,18:31:32,-08:00,2025-01-24T18:31:32-08:00,0,32
global.js,51,js,070fb756,mathyoutw,2025-01-24,18:31:32,-08:00,2025-01-24T18:31:32-08:00,0,12
global.js,52,js,070fb756,mathyoutw,2025-01-24,18:31:32,-08:00,2025-01-24T18:31:32-08:00,0,0
global.js,53,js,070fb756,mathyoutw,2025-01-24,18:31:32,-08:00,2025-01-24T18:31:32-08:00,0,27
global.js,54,js,070fb756,mathyoutw,2025-01-24,18:31:32,-08:00,2025-01-24T18:31:32-08:00,0,5
global.js,55,js,070fb756,mathyoutw,2025-01-24,18:31:32,-08:00,2025-01-24T18:31:32-08:00,0,7
global.js,56,js,070fb756,mathyoutw,2025-01-24,18:31:32,-08:00,2025-01-24T18:31:32-08:00,0,53
global.js,57,js,070fb756,mathyoutw,2025-01-24,18:31:32,-08:00,2025-01-24T18:31:32-08:00,0,35
global.js,58,js,070fb756,mathyoutw,2025-01-24,18:31:32,-08:00,2025-01-24T18:31:32-08:00,0,33
global.js,59,js,070fb756,mathyoutw,2025-01-24,18:31:32,-08:00,2025-01-24T18:31:32-08:00,0,8
global.js,60,js,070fb756,mathyoutw,2025-01-24,18:31:32,-08:00,2025-01-24T18:31:32-08:00,0,7
global.js,61,js,070fb756,mathyoutw,2025-01-24,18:31:32,-08:00,2025-01-24T18:31:32-08:00,0,0
global.js,62,js,070fb756,mathyoutw,2025-01-24,18:31:32,-08:00,2025-01-24T18:31:32-08:00,0,1
global.js,63,js,070fb756,mathyoutw,2025-01-24,18:31:32,-08:00,2025-01-24T18:31:32-08:00,0,0
global.js,64,js,070fb756,mathyoutw,2025-01-24,18:31:32,-08:00,2025-01-24T18:31:32-08:00,0,61
global.js,65,js,070fb756,mathyoutw,2025-01-24,18:31:32,-08:00,2025-01-24T18:31:32-08:00,0,0
global.js,66,js,070fb756,mathyoutw,2025-01-24,18:31:32,-08:00,2025-01-24T18:31:32-08:00,0,50
global.js,67,js,070fb756,mathyoutw,2025-01-24,18:31:32,-08:00,2025-01-24T18:31:32-08:00,0,58
global.js,68,js,070fb756,mathyoutw,2025-01-24,18:31:32,-08:00,2025-01-24T18:31:32-08:00,0,78
global.js,69,js,070fb756,mathyoutw,2025-01-24,18:31:32,-08:00,2025-01-24T18:31:32-08:00,0,45
global.js,70,js,070fb756,mathyoutw,2025-01-24,18:31:32,-08:00,2025-01-24T18:31:32-08:00,0,2
global.js,71,js,070fb756,mathyoutw,2025-01-24,18:31:32,-08:00,2025-01-24T18:31:32-08:00,0,0
global.js,72,js,070fb756,mathyoutw,2025-01-24,18:31:32,-08:00,2025-01-24T18:31:32-08:00,0,35
global.js,73,js,070fb756,mathyoutw,2025-01-24,18:31:32,-08:00,2025-01-24T18:31:32-08:00,0,84
global.js,74,js,070fb756,mathyoutw,2025-01-24,18:31:32,-08:00,2025-01-24T18:31:32-08:00,0,39
global.js,75,js,03c46794,mathyoutw,2025-01-30,17:33:03,-08:00,2025-01-30T17:33:03-08:00,0,0
global.js,76,js,03c46794,mathyoutw,2025-01-30,17:33:03,-08:00,2025-01-30T17:33:03-08:00,0,0
global.js,77,js,03c46794,mathyoutw,2025-01-30,17:33:03,-08:00,2025-01-30T17:33:03-08:00,0,37
global.js,78,js,03c46794,mathyoutw,2025-01-30,17:33:03,-08:00,2025-01-30T17:33:03-08:00,0,4
global.js,79,js,03c46794,mathyoutw,2025-01-30,17:33:03,-08:00,2025-01-30T17:33:03-08:00,0,33
global.js,80,js,03c46794,mathyoutw,2025-01-30,17:33:03,-08:00,2025-01-30T17:33:03-08:00,0,18
global.js,81,js,03c46794,mathyoutw,2025-01-30,17:33:03,-08:00,2025-01-30T17:33:03-08:00,0,67
global.js,82,js,03c46794,mathyoutw,2025-01-30,17:33:03,-08:00,2025-01-30T17:33:03-08:00,0,0
global.js,83,js,03c46794,mathyoutw,2025-01-30,17:33:03,-08:00,2025-01-30T17:33:03-08:00,0,34
global.js,84,js,03c46794,mathyoutw,2025-01-30,17:33:03,-08:00,2025-01-30T17:33:03-08:00,0,11
global.js,85,js,03c46794,mathyoutw,2025-01-30,17:33:03,-08:00,2025-01-30T17:33:03-08:00,0,16
global.js,86,js,03c46794,mathyoutw,2025-01-30,17:33:03,-08:00,2025-01-30T17:33:03-08:00,0,60
global.js,87,js,03c46794,mathyoutw,2025-01-30,17:33:03,-08:00,2025-01-30T17:33:03-08:00,0,59
global.js,88,js,03c46794,mathyoutw,2025-01-30,17:33:03,-08:00,2025-01-30T17:33:03-08:00,0,0
global.js,89,js,03c46794,mathyoutw,2025-01-30,17:33:03,-08:00,2025-01-30T17:33:03-08:00,0,0
global.js,90,js,03c46794,mathyoutw,2025-01-30,17:33:03,-08:00,2025-01-30T17:33:03-08:00,0,0
global.js,91,js,03c46794,mathyoutw,2025-01-30,17:33:03,-08:00,2025-01-30T17:33:03-08:00,0,80
global.js,92,js,03c46794,mathyoutw,2025-01-30,17:33:03,-08:00,2025-01-30T17:33:03-08:00,0,23
global.js,93,js,03c46794,mathyoutw,2025-01-30,17:33:03,-08:00,2025-01-30T17:33:03-08:00,0,43
global.js,94,js,03c46794,mathyoutw,2025-01-30,17:33:03,-08:00,2025-01-30T17:33:03-08:00,0,6
global.js,95,js,03c46794,mathyoutw,2025-01-30,17:33:03,-08:00,2025-01-30T17:33:03-08:00,0,0
global.js,96,js,03c46794,mathyoutw,2025-01-30,17:33:03,-08:00,2025-01-30T17:33:03-08:00,0,0
global.js,97,js,03c46794,mathyoutw,2025-01-30,17:33:03,-08:00,2025-01-30T17:33:03-08:00,0,24
global.js,98,js,03c46794,mathyoutw,2025-01-30,17:33:03,-08:00,2025-01-30T17:33:03-08:00,0,31
global.js,99,js,03c46794,mathyoutw,2025-01-30,17:33:03,-08:00,2025-01-30T17:33:03-08:00,0,0
global.js,100,js,03c46794,mathyoutw,2025-01-30,17:33:03,-08:00,2025-01-30T17:33:03-08:00,0,28
global.js,101,js,03c46794,mathyoutw,2025-01-30,17:33:03,-08:00,2025-01-30T17:33:03-08:00,0,49
global.js,102,js,03c46794,mathyoutw,2025-01-30,17:33:03,-08:00,2025-01-30T17:33:03-08:00,0,0
global.js,103,js,03c46794,mathyoutw,2025-01-30,17:33:03,-08:00,2025-01-30T17:33:03-08:00,0,20
global.js,104,js,03c46794,mathyoutw,2025-01-30,17:33:03,-08:00,2025-01-30T17:33:03-08:00,0,50
global.js,105,js,03c46794,mathyoutw,2025-01-30,17:33:03,-08:00,2025-01-30T17:33:03-08:00,0,50
global.js,106,js,96ca9669,mathyoutw,2025-02-05,16:58:49,-08:00,2025-02-05T16:58:49-08:00,0,4
global.js,107,js,03c46794,mathyoutw,2025-01-30,17:33:03,-08:00,2025-01-30T17:33:03-08:00,0,28
global.js,108,js,96ca9669,mathyoutw,2025-02-05,16:58:49,-08:00,2025-02-05T16:58:49-08:00,0,99
global.js,109,js,96ca9669,mathyoutw,2025-02-05,16:58:49,-08:00,2025-02-05T16:58:49-08:00,0,5
global.js,110,js,03c46794,mathyoutw,2025-01-30,17:33:03,-08:00,2025-01-30T17:33:03-08:00,0,1
global.js,111,js,03c46794,mathyoutw,2025-01-30,17:33:03,-08:00,2025-01-30T17:33:03-08:00,0,0
global.js,112,js,03c46794,mathyoutw,2025-01-30,17:33:03,-08:00,2025-01-30T17:33:03-08:00,0,37
global.js,113,js,03c46794,mathyoutw,2025-01-30,17:33:03,-08:00,2025-01-30T17:33:03-08:00,0,2
global.js,114,js,e496661a,mathyoutw,2025-01-30,23:42:27,-08:00,2025-01-30T23:42:27-08:00,0,0
global.js,115,js,e496661a,mathyoutw,2025-01-30,23:42:27,-08:00,2025-01-30T23:42:27-08:00,0,0
global.js,116,js,e496661a,mathyoutw,2025-01-30,23:42:27,-08:00,2025-01-30T23:42:27-08:00,0,48
global.js,117,js,e496661a,mathyoutw,2025-01-30,23:42:27,-08:00,2025-01-30T23:42:27-08:00,0,23
global.js,118,js,e496661a,mathyoutw,2025-01-30,23:42:27,-08:00,2025-01-30T23:42:27-08:00,0,60
global.js,119,js,e7f133a4,mathyoutw,2025-01-22,21:14:47,-08:00,2025-01-22T21:14:47-08:00,0,0
resume/index.html,1,html,3c6e5792,mathyoutw,2025-01-09,18:59:16,-08:00,2025-01-09T18:59:16-08:00,0,14
resume/index.html,2,html,3c6e5792,mathyoutw,2025-01-09,18:59:16,-08:00,2025-01-09T18:59:16-08:00,0,15
resume/index.html,3,html,3c6e5792,mathyoutw,2025-01-09,18:59:16,-08:00,2025-01-09T18:59:16-08:00,0,5
resume/index.html,4,html,3c6e5792,mathyoutw,2025-01-09,18:59:16,-08:00,2025-01-09T18:59:16-08:00,0,21
resume/index.html,5,html,3c6e5792,mathyoutw,2025-01-09,18:59:16,-08:00,2025-01-09T18:59:16-08:00,0,69
resume/index.html,6,html,77aa60a3,mathyoutw,2025-01-22,21:24:29,-08:00,2025-01-22T21:24:29-08:00,0,42
resume/index.html,7,html,77aa60a3,mathyoutw,2025-01-22,21:24:29,-08:00,2025-01-22T21:24:29-08:00,0,49
resume/index.html,8,html,3c6e5792,mathyoutw,2025-01-09,18:59:16,-08:00,2025-01-09T18:59:16-08:00,0,20
resume/index.html,9,html,3c6e5792,mathyoutw,2025-01-09,18:59:16,-08:00,2025-01-09T18:59:16-08:00,0,6
resume/index.html,10,html,070fb756,mathyoutw,2025-01-24,18:31:32,-08:00,2025-01-24T18:31:32-08:00,0,5
resume/index.html,11,html,3c6e5792,mathyoutw,2025-01-09,18:59:16,-08:00,2025-01-09T18:59:16-08:00,0,7
resume/index.html,12,html,3c6e5792,mathyoutw,2025-01-09,18:59:16,-08:00,2025-01-09T18:59:16-08:00,0,20
resume/index.html,13,html,89c60e66,mathyoutw,2025-01-16,20:52:38,-08:00,2025-01-16T20:52:38-08:00,0,53
resume/index.html,14,html,3c6e5792,mathyoutw,2025-01-09,18:59:16,-08:00,2025-01-09T18:59:16-08:00,0,8
resume/index.html,15,html,2fa4962c,mathyoutw,2025-01-31,17:12:11,-08:00,2025-01-31T17:12:11-08:00,0,24
resume/index.html,16,html,89c60e66,mathyoutw,2025-01-16,20:52:38,-08:00,2025-01-16T20:52:38-08:00,0,23
resume/index.html,17,html,89c60e66,mathyoutw,2025-01-16,20:52:38,-08:00,2025-01-16T20:52:38-08:00,0,52
resume/index.html,18,html,89c60e66,mathyoutw,2025-01-16,20:52:38,-08:00,2025-01-16T20:52:38-08:00,0,9
resume/index.html,19,html,3c6e5792,mathyoutw,2025-01-09,18:59:16,-08:00,2025-01-09T18:59:16-08:00,0,8
resume/index.html,20,html,3c6e5792,mathyoutw,2025-01-09,18:59:16,-08:00,2025-01-09T18:59:16-08:00,0,7
resume/index.html,21,html,3c6e5792,mathyoutw,2025-01-09,18:59:16,-08:00,2025-01-09T18:59:16-08:00,0,17
resume/index.html,22,html,3c6e5792,mathyoutw,2025-01-09,18:59:16,-08:00,2025-01-09T18:59:16-08:00,0,8
resume/index.html,23,html,3c6e5792,mathyoutw,2025-01-09,18:59:16,-08:00,2025-01-09T18:59:16-08:00,0,8
resume/index.html,24,html,3c6e5792,mathyoutw,2025-01-09,18:59:16,-08:00,2025-01-09T18:59:16-08:00,0,24
resume/index.html,25,html,3c6e5792,mathyoutw,2025-01-09,18:59:16,-08:00,2025-01-09T18:59:16-08:00,0,20
resume/index.html,26,html,3c6e5792,mathyoutw,2025-01-09,18:59:16,-08:00,2025-01-09T18:59:16-08:00,0,42
resume/index.html,27,html,3c6e5792,mathyoutw,2025-01-09,18:59:16,-08:00,2025-01-09T18:59:16-08:00,0,9
resume/index.html,28,html,3c6e5792,mathyoutw,2025-01-09,18:59:16,-08:00,2025-01-09T18:59:16-08:00,0,9
resume/index.html,29,html,89c60e66,mathyoutw,2025-01-16,20:52:38,-08:00,2025-01-16T20:52:38-08:00,0,24
resume/index.html,30,html,3c6e5792,mathyoutw,2025-01-09,18:59:16,-08:00,2025-01-09T18:59:16-08:00,0,8
resume/index.html,31,html,3c6e5792,mathyoutw,2025-01-09,18:59:16,-08:00,2025-01-09T18:59:16-08:00,0,7
resume/index.html,32,html,3c6e5792,mathyoutw,2025-01-09,18:59:16,-08:00,2025-01-09T18:59:16-08:00,0,27
resume/index.html,33,html,3c6e5792,mathyoutw,2025-01-09,18:59:16,-08:00,2025-01-09T18:59:16-08:00,0,8
resume/index.html,34,html,3c6e5792,mathyoutw,2025-01-09,18:59:16,-08:00,2025-01-09T18:59:16-08:00,0,8
resume/index.html,35,html,3c6e5792,mathyoutw,2025-01-09,18:59:16,-08:00,2025-01-09T18:59:16-08:00,0,47
resume/index.html,36,html,3c6e5792,mathyoutw,2025-01-09,18:59:16,-08:00,2025-01-09T18:59:16-08:00,0,34
resume/index.html,37,html,3c6e5792,mathyoutw,2025-01-09,18:59:16,-08:00,2025-01-09T18:59:16-08:00,0,42
resume/index.html,38,html,3c6e5792,mathyoutw,2025-01-09,18:59:16,-08:00,2025-01-09T18:59:16-08:00,0,47
resume/index.html,39,html,3c6e5792,mathyoutw,2025-01-09,18:59:16,-08:00,2025-01-09T18:59:16-08:00,0,48
resume/index.html,40,html,3c6e5792,mathyoutw,2025-01-09,18:59:16,-08:00,2025-01-09T18:59:16-08:00,0,9
resume/index.html,41,html,3c6e5792,mathyoutw,2025-01-09,18:59:16,-08:00,2025-01-09T18:59:16-08:00,0,9
resume/index.html,42,html,89c60e66,mathyoutw,2025-01-16,20:52:38,-08:00,2025-01-16T20:52:38-08:00,0,24
resume/index.html,43,html,3c6e5792,mathyoutw,2025-01-09,18:59:16,-08:00,2025-01-09T18:59:16-08:00,0,8
resume/index.html,44,html,3c6e5792,mathyoutw,2025-01-09,18:59:16,-08:00,2025-01-09T18:59:16-08:00,0,7
resume/index.html,45,html,3c6e5792,mathyoutw,2025-01-09,18:59:16,-08:00,2025-01-09T18:59:16-08:00,0,31
resume/index.html,46,html,3c6e5792,mathyoutw,2025-01-09,18:59:16,-08:00,2025-01-09T18:59:16-08:00,0,8
resume/index.html,47,html,3c6e5792,mathyoutw,2025-01-09,18:59:16,-08:00,2025-01-09T18:59:16-08:00,0,8
resume/index.html,48,html,3c6e5792,mathyoutw,2025-01-09,18:59:16,-08:00,2025-01-09T18:59:16-08:00,0,55
resume/index.html,49,html,3c6e5792,mathyoutw,2025-01-09,18:59:16,-08:00,2025-01-09T18:59:16-08:00,0,58
resume/index.html,50,html,3c6e5792,mathyoutw,2025-01-09,18:59:16,-08:00,2025-01-09T18:59:16-08:00,0,37
resume/index.html,51,html,3c6e5792,mathyoutw,2025-01-09,18:59:16,-08:00,2025-01-09T18:59:16-08:00,0,39
resume/index.html,52,html,3c6e5792,mathyoutw,2025-01-09,18:59:16,-08:00,2025-01-09T18:59:16-08:00,0,58
resume/index.html,53,html,3c6e5792,mathyoutw,2025-01-09,18:59:16,-08:00,2025-01-09T18:59:16-08:00,0,9
resume/index.html,54,html,3c6e5792,mathyoutw,2025-01-09,18:59:16,-08:00,2025-01-09T18:59:16-08:00,0,9
resume/index.html,55,html,89c60e66,mathyoutw,2025-01-16,20:52:38,-08:00,2025-01-16T20:52:38-08:00,0,24
resume/index.html,56,html,3c6e5792,mathyoutw,2025-01-09,18:59:16,-08:00,2025-01-09T18:59:16-08:00,0,8
resume/index.html,57,html,3c6e5792,mathyoutw,2025-01-09,18:59:16,-08:00,2025-01-09T18:59:16-08:00,0,7
resume/index.html,58,html,3c6e5792,mathyoutw,2025-01-09,18:59:16,-08:00,2025-01-09T18:59:16-08:00,0,18
resume/index.html,59,html,3c6e5792,mathyoutw,2025-01-09,18:59:16,-08:00,2025-01-09T18:59:16-08:00,0,8
resume/index.html,60,html,89c60e66,mathyoutw,2025-01-16,20:52:38,-08:00,2025-01-16T20:52:38-08:00,0,91
resume/index.html,61,html,3c6e5792,mathyoutw,2025-01-09,18:59:16,-08:00,2025-01-09T18:59:16-08:00,0,8
resume/index.html,62,html,3c6e5792,mathyoutw,2025-01-09,18:59:16,-08:00,2025-01-09T18:59:16-08:00,0,64
resume/index.html,63,html,3c6e5792,mathyoutw,2025-01-09,18:59:16,-08:00,2025-01-09T18:59:16-08:00,0,71
resume/index.html,64,html,3c6e5792,mathyoutw,2025-01-09,18:59:16,-08:00,2025-01-09T18:59:16-08:00,0,47
resume/index.html,65,html,3c6e5792,mathyoutw,2025-01-09,18:59:16,-08:00,2025-01-09T18:59:16-08:00,0,9
resume/index.html,66,html,3c6e5792,mathyoutw,2025-01-09,18:59:16,-08:00,2025-01-09T18:59:16-08:00,0,9
resume/index.html,67,html,89c60e66,mathyoutw,2025-01-16,20:52:38,-08:00,2025-01-16T20:52:38-08:00,0,24
resume/index.html,68,html,3c6e5792,mathyoutw,2025-01-09,18:59:16,-08:00,2025-01-09T18:59:16-08:00,0,8
resume/index.html,69,html,3c6e5792,mathyoutw,2025-01-09,18:59:16,-08:00,2025-01-09T18:59:16-08:00,0,7
resume/index.html,70,html,3c6e5792,mathyoutw,2025-01-09,18:59:16,-08:00,2025-01-09T18:59:16-08:00,0,16
resume/index.html,71,html,3c6e5792,mathyoutw,2025-01-09,18:59:16,-08:00,2025-01-09T18:59:16-08:00,0,8
resume/index.html,72,html,89c60e66,mathyoutw,2025-01-16,20:52:38,-08:00,2025-01-16T20:52:38-08:00,0,63
resume/index.html,73,html,3c6e5792,mathyoutw,2025-01-09,18:59:16,-08:00,2025-01-09T18:59:16-08:00,0,8
resume/index.html,74,html,e496661a,mathyoutw,2025-01-30,23:42:27,-08:00,2025-01-30T23:42:27-08:00,0,130
resume/index.html,75,html,3c6e5792,mathyoutw,2025-01-09,18:59:16,-08:00,2025-01-09T18:59:16-08:00,0,180
resume/index.html,76,html,3c6e5792,mathyoutw,2025-01-09,18:59:16,-08:00,2025-01-09T18:59:16-08:00,0,9
resume/index.html,77,html,89c60e66,mathyoutw,2025-01-16,20:52:38,-08:00,2025-01-16T20:52:38-08:00,0,3
resume/index.html,78,html,89c60e66,mathyoutw,2025-01-16,20:52:38,-08:00,2025-01-16T20:52:38-08:00,0,70
resume/index.html,79,html,3c6e5792,mathyoutw,2025-01-09,18:59:16,-08:00,2025-01-09T18:59:16-08:00,0,109
resume/index.html,80,html,3c6e5792,mathyoutw,2025-01-09,18:59:16,-08:00,2025-01-09T18:59:16-08:00,0,8
resume/index.html,81,html,3c6e5792,mathyoutw,2025-01-09,18:59:16,-08:00,2025-01-09T18:59:16-08:00,0,111
resume/index.html,82,html,3c6e5792,mathyoutw,2025-01-09,18:59:16,-08:00,2025-01-09T18:59:16-08:00,0,106
resume/index.html,83,html,3c6e5792,mathyoutw,2025-01-09,18:59:16,-08:00,2025-01-09T18:59:16-08:00,0,9
resume/index.html,84,html,3c6e5792,mathyoutw,2025-01-09,18:59:16,-08:00,2025-01-09T18:59:16-08:00,0,9
resume/index.html,85,html,89c60e66,mathyoutw,2025-01-16,20:52:38,-08:00,2025-01-16T20:52:38-08:00,0,24
resume/index.html,86,html,3c6e5792,mathyoutw,2025-01-09,18:59:16,-08:00,2025-01-09T18:59:16-08:00,0,8
resume/index.html,87,html,3c6e5792,mathyoutw,2025-01-09,18:59:16,-08:00,2025-01-09T18:59:16-08:00,0,7
resume/index.html,88,html,3c6e5792,mathyoutw,2025-01-09,18:59:16,-08:00,2025-01-09T18:59:16-08:00,0,18
resume/index.html,89,html,3c6e5792,mathyoutw,2025-01-09,18:59:16,-08:00,2025-01-09T18:59:16-08:00,0,8
resume/index.html,90,html,3c6e5792,mathyoutw,2025-01-09,18:59:16,-08:00,2025-01-09T18:59:16-08:00,0,8
resume/index.html,91,html,3c6e5792,mathyoutw,2025-01-09,18:59:16,-08:00,2025-01-09T18:59:16-08:00,0,85
resume/index.html,92,html,3c6e5792,mathyoutw,2025-01-09,18:59:16,-08:00,2025-01-09T18:59:16-08:00,0,91
resume/index.html,93,html,3c6e5792,mathyoutw,2025-01-09,18:59:16,-08:00,2025-01-09T18:59:16-08:00,0,9
resume/index.html,94,html,3c6e5792,mathyoutw,2025-01-09,18:59:16,-08:00,2025-01-09T18:59:16-08:00,0,9
resume/index.html,95,html,3c6e5792,mathyoutw,2025-01-09,18:59:16,-08:00,2025-01-09T18:59:16-08:00,0,6
resume/index.html,96,html,3c6e5792,mathyoutw,2025-01-09,18:59:16,-08:00,2025-01-09T18:59:16-08:00,0,6
projects/projects.js,1,js,03c46794,mathyoutw,2025-01-30,17:33:03,-08:00,2025-01-30T17:33:03-08:00,0,56
projects/projects.js,2,js,96ca9669,mathyoutw,2025-02-05,16:58:49,-08:00,2025-02-05T16:58:49-08:00,0,64
projects/projects.js,3,js,96ca9669,mathyoutw,2025-02-05,16:58:49,-08:00,2025-02-05T16:58:49-08:00,0,0
projects/projects.js,4,js,03c46794,mathyoutw,2025-01-30,17:33:03,-08:00,2025-01-30T17:33:03-08:00,0,0
projects/projects.js,5,js,03c46794,mathyoutw,2025-01-30,17:33:03,-08:00,2025-01-30T17:33:03-08:00,0,56
projects/projects.js,6,js,03c46794,mathyoutw,2025-01-30,17:33:03,-08:00,2025-01-30T17:33:03-08:00,0,61
projects/projects.js,7,js,03c46794,mathyoutw,2025-01-30,17:33:03,-08:00,2025-01-30T17:33:03-08:00,0,0
projects/projects.js,8,js,03c46794,mathyoutw,2025-01-30,17:33:03,-08:00,2025-01-30T17:33:03-08:00,0,49
projects/projects.js,9,js,03c46794,mathyoutw,2025-01-30,17:33:03,-08:00,2025-01-30T17:33:03-08:00,0,0
projects/projects.js,10,js,03c46794,mathyoutw,2025-01-30,17:33:03,-08:00,2025-01-30T17:33:03-08:00,0,63
projects/projects.js,11,js,03c46794,mathyoutw,2025-01-30,17:33:03,-08:00,2025-01-30T17:33:03-08:00,0,57
projects/projects.js,12,js,96ca9669,mathyoutw,2025-02-05,16:58:49,-08:00,2025-02-05T16:58:49-08:00,0,0
projects/projects.js,13,js,96ca9669,mathyoutw,2025-02-05,16:58:49,-08:00,2025-02-05T16:58:49-08:00,0,58
projects/projects.js,14,js,96ca9669,mathyoutw,2025-02-05,16:58:49,-08:00,2025-02-05T16:58:49-08:00,0,48
projects/projects.js,15,js,96ca9669,mathyoutw,2025-02-05,16:58:49,-08:00,2025-02-05T16:58:49-08:00,0,22
projects/projects.js,16,js,cc120eba,mathyoutw,2025-02-12,23:44:13,-08:00,2025-02-12T23:44:13-08:00,0,16
projects/projects.js,17,js,96ca9669,mathyoutw,2025-02-05,16:58:49,-08:00,2025-02-05T16:58:49-08:00,0,0
projects/projects.js,18,js,96ca9669,mathyoutw,2025-02-05,16:58:49,-08:00,2025-02-05T16:58:49-08:00,0,39
projects/projects.js,19,js,96ca9669,mathyoutw,2025-02-05,16:58:49,-08:00,2025-02-05T16:58:49-08:00,0,77
projects/projects.js,20,js,cc120eba,mathyoutw,2025-02-12,23:44:13,-08:00,2025-02-12T23:44:13-08:00,0,79
projects/projects.js,21,js,96ca9669,mathyoutw,2025-02-05,16:58:49,-08:00,2025-02-05T16:58:49-08:00,0,0
projects/projects.js,22,js,96ca9669,mathyoutw,2025-02-05,16:58:49,-08:00,2025-02-05T16:58:49-08:00,0,54
projects/projects.js,23,js,96ca9669,mathyoutw,2025-02-05,16:58:49,-08:00,2025-02-05T16:58:49-08:00,0,43
projects/projects.js,24,js,96ca9669,mathyoutw,2025-02-05,16:58:49,-08:00,2025-02-05T16:58:49-08:00,0,52
projects/projects.js,25,js,96ca9669,mathyoutw,2025-02-05,16:58:49,-08:00,2025-02-05T16:58:49-08:00,0,0
projects/projects.js,26,js,96ca9669,mathyoutw,2025-02-05,16:58:49,-08:00,2025-02-05T16:58:49-08:00,0,43
projects/projects.js,27,js,96ca9669,mathyoutw,2025-02-05,16:58:49,-08:00,2025-02-05T16:58:49-08:00,0,45
projects/projects.js,28,js,96ca9669,mathyoutw,2025-02-05,16:58:49,-08:00,2025-02-05T16:58:49-08:00,0,0
projects/projects.js,29,js,96ca9669,mathyoutw,2025-02-05,16:58:49,-08:00,2025-02-05T16:58:49-08:00,0,30
projects/projects.js,30,js,96ca9669,mathyoutw,2025-02-05,16:58:49,-08:00,2025-02-05T16:58:49-08:00,0,15
projects/projects.js,31,js,96ca9669,mathyoutw,2025-02-05,16:58:49,-08:00,2025-02-05T16:58:49-08:00,0,14
projects/projects.js,32,js,96ca9669,mathyoutw,2025-02-05,16:58:49,-08:00,2025-02-05T16:58:49-08:00,0,14
projects/projects.js,33,js,96ca9669,mathyoutw,2025-02-05,16:58:49,-08:00,2025-02-05T16:58:49-08:00,0,25
projects/projects.js,34,js,96ca9669,mathyoutw,2025-02-05,16:58:49,-08:00,2025-02-05T16:58:49-08:00,0,22
projects/projects.js,35,js,cc120eba,mathyoutw,2025-02-12,23:44:13,-08:00,2025-02-12T23:44:13-08:00,0,24
projects/projects.js,36,js,96ca9669,mathyoutw,2025-02-05,16:58:49,-08:00,2025-02-05T16:58:49-08:00,0,48
projects/projects.js,37,js,96ca9669,mathyoutw,2025-02-05,16:58:49,-08:00,2025-02-05T16:58:49-08:00,0,0
projects/projects.js,38,js,96ca9669,mathyoutw,2025-02-05,16:58:49,-08:00,2025-02-05T16:58:49-08:00,0,21
projects/projects.js,39,js,96ca9669,mathyoutw,2025-02-05,16:58:49,-08:00,2025-02-05T16:58:49-08:00,0,51
projects/projects.js,40,js,96ca9669,mathyoutw,2025-02-05,16:58:49,-08:00,2025-02-05T16:58:49-08:00,0,0
projects/projects.js,41,js,96ca9669,mathyoutw,2025-02-05,16:58:49,-08:00,2025-02-05T16:58:49-08:00,0,26
projects/projects.js,42,js,96ca9669,mathyoutw,2025-02-05,16:58:49,-08:00,2025-02-05T16:58:49-08:00,0,51
projects/projects.js,43,js,96ca9669,mathyoutw,2025-02-05,16:58:49,-08:00,2025-02-05T16:58:49-08:00,0,0
projects/projects.js,44,js,96ca9669,mathyoutw,2025-02-05,16:58:49,-08:00,2025-02-05T16:58:49-08:00,0,26
projects/projects.js,45,js,96ca9669,mathyoutw,2025-02-05,16:58:49,-08:00,2025-02-05T16:58:49-08:00,0,49
projects/projects.js,46,js,96ca9669,mathyoutw,2025-02-05,16:58:49,-08:00,2025-02-05T16:58:49-08:00,0,7
projects/projects.js,47,js,96ca9669,mathyoutw,2025-02-05,16:58:49,-08:00,2025-02-05T16:58:49-08:00,0,47
projects/projects.js,48,js,96ca9669,mathyoutw,2025-02-05,16:58:49,-08:00,2025-02-05T16:58:49-08:00,0,80
projects/projects.js,49,js,96ca9669,mathyoutw,2025-02-05,16:58:49,-08:00,2025-02-05T16:58:49-08:00,0,57
projects/projects.js,50,js,96ca9669,mathyoutw,2025-02-05,16:58:49,-08:00,2025-02-05T16:58:49-08:00,0,0
projects/projects.js,51,js,96ca9669,mathyoutw,2025-02-05,16:58:49,-08:00,2025-02-05T16:58:49-08:00,0,2
projects/projects.js,52,js,96ca9669,mathyoutw,2025-02-05,16:58:49,-08:00,2025-02-05T16:58:49-08:00,0,2
projects/projects.js,53,js,96ca9669,mathyoutw,2025-02-05,16:58:49,-08:00,2025-02-05T16:58:49-08:00,0,0
projects/projects.js,54,js,96ca9669,mathyoutw,2025-02-05,16:58:49,-08:00,2025-02-05T16:58:49-08:00,0,33
projects/projects.js,55,js,96ca9669,mathyoutw,2025-02-05,16:58:49,-08:00,2025-02-05T16:58:49-08:00,0,28
projects/projects.js,56,js,96ca9669,mathyoutw,2025-02-05,16:58:49,-08:00,2025-02-05T16:58:49-08:00,0,18
projects/projects.js,57,js,96ca9669,mathyoutw,2025-02-05,16:58:49,-08:00,2025-02-05T16:58:49-08:00,0,39
projects/projects.js,58,js,96ca9669,mathyoutw,2025-02-05,16:58:49,-08:00,2025-02-05T16:58:49-08:00,0,27
projects/projects.js,59,js,96ca9669,mathyoutw,2025-02-05,16:58:49,-08:00,2025-02-05T16:58:49-08:00,0,70
projects/projects.js,60,js,96ca9669,mathyoutw,2025-02-05,16:58:49,-08:00,2025-02-05T16:58:49-08:00,0,2
projects/projects.js,61,js,96ca9669,mathyoutw,2025-02-05,16:58:49,-08:00,2025-02-05T16:58:49-08:00,0,0
projects/projects.js,62,js,96ca9669,mathyoutw,2025-02-05,16:58:49,-08:00,2025-02-05T16:58:49-08:00,0,0
projects/projects.js,63,js,96ca9669,mathyoutw,2025-02-05,16:58:49,-08:00,2025-02-05T16:58:49-08:00,0,33
projects/projects.js,64,js,96ca9669,mathyoutw,2025-02-05,16:58:49,-08:00,2025-02-05T16:58:49-08:00,0,24
projects/projects.js,65,js,96ca9669,mathyoutw,2025-02-05,16:58:49,-08:00,2025-02-05T16:58:49-08:00,0,0
projects/projects.js,66,js,96ca9669,mathyoutw,2025-02-05,16:58:49,-08:00,2025-02-05T16:58:49-08:00,0,56
projects/projects.js,67,js,96ca9669,mathyoutw,2025-02-05,16:58:49,-08:00,2025-02-05T16:58:49-08:00,0,49
projects/projects.js,68,js,96ca9669,mathyoutw,2025-02-05,16:58:49,-08:00,2025-02-05T16:58:49-08:00,0,52
projects/projects.js,69,js,96ca9669,mathyoutw,2025-02-05,16:58:49,-08:00,2025-02-05T16:58:49-08:00,0,60
projects/projects.js,70,js,96ca9669,mathyoutw,2025-02-05,16:58:49,-08:00,2025-02-05T16:58:49-08:00,0,56
projects/projects.js,71,js,96ca9669,mathyoutw,2025-02-05,16:58:49,-08:00,2025-02-05T16:58:49-08:00,0,2
projects/projects.js,72,js,96ca9669,mathyoutw,2025-02-05,16:58:49,-08:00,2025-02-05T16:58:49-08:00,0,0
projects/projects.js,73,js,96ca9669,mathyoutw,2025-02-05,16:58:49,-08:00,2025-02-05T16:58:49-08:00,0,57
projects/projects.js,74,js,96ca9669,mathyoutw,2025-02-05,16:58:49,-08:00,2025-02-05T16:58:49-08:00,0,32
projects/projects.js,75,js,96ca9669,mathyoutw,2025-02-05,16:58:49,-08:00,2025-02-05T16:58:49-08:00,0,2
projects/index.html,1,html,d4a29446,mathyoutw,2025-01-06,22:16:48,-08:00,2025-01-06T22:16:48-08:00,0,14
projects/index.html,2,html,d4a29446,mathyoutw,2025-01-06,22:16:48,-08:00,2025-01-06T22:16:48-08:00,0,15
projects/index.html,3,html,d4a29446,mathyoutw,2025-01-06,22:16:48,-08:00,2025-01-06T22:16:48-08:00,0,5
projects/index.html,4,html,d4a29446,mathyoutw,2025-01-06,22:16:48,-08:00,2025-01-06T22:16:48-08:00,0,21
projects/index.html,5,html,d4a29446,mathyoutw,2025-01-06,22:16:48,-08:00,2025-01-06T22:16:48-08:00,0,69
projects/index.html,6,html,77aa60a3,mathyoutw,2025-01-22,21:24:29,-08:00,2025-01-22T21:24:29-08:00,0,42
projects/index.html,7,html,77aa60a3,mathyoutw,2025-01-22,21:24:29,-08:00,2025-01-22T21:24:29-08:00,0,49
projects/index.html,8,html,03c46794,mathyoutw,2025-01-30,17:33:03,-08:00,2025-01-30T17:33:03-08:00,0,48
projects/index.html,9,html,d4a29446,mathyoutw,2025-01-06,22:16:48,-08:00,2025-01-06T22:16:48-08:00,0,22
projects/index.html,10,html,d4a29446,mathyoutw,2025-01-06,22:16:48,-08:00,2025-01-06T22:16:48-08:00,0,6
projects/index.html,11,html,070fb756,mathyoutw,2025-01-24,18:31:32,-08:00,2025-01-24T18:31:32-08:00,0,5
projects/index.html,12,html,03c46794,mathyoutw,2025-01-30,17:33:03,-08:00,2025-01-30T17:33:03-08:00,0,101
projects/index.html,13,html,96ca9669,mathyoutw,2025-02-05,16:58:49,-08:00,2025-02-05T16:58:49-08:00,0,22
projects/index.html,14,html,96ca9669,mathyoutw,2025-02-05,16:58:49,-08:00,2025-02-05T16:58:49-08:00,0,59
projects/index.html,15,html,96ca9669,mathyoutw,2025-02-05,16:58:49,-08:00,2025-02-05T16:58:49-08:00,0,23
projects/index.html,16,html,96ca9669,mathyoutw,2025-02-05,16:58:49,-08:00,2025-02-05T16:58:49-08:00,0,5
projects/index.html,17,html,96ca9669,mathyoutw,2025-02-05,16:58:49,-08:00,2025-02-05T16:58:49-08:00,0,5
projects/index.html,18,html,96ca9669,mathyoutw,2025-02-05,16:58:49,-08:00,2025-02-05T16:58:49-08:00,0,16
projects/index.html,19,html,96ca9669,mathyoutw,2025-02-05,16:58:49,-08:00,2025-02-05T16:58:49-08:00,0,12
projects/index.html,20,html,96ca9669,mathyoutw,2025-02-05,16:58:49,-08:00,2025-02-05T16:58:49-08:00,0,27
projects/index.html,21,html,96ca9669,mathyoutw,2025-02-05,16:58:49,-08:00,2025-02-05T16:58:49-08:00,0,32
projects/index.html,22,html,96ca9669,mathyoutw,2025-02-05,16:58:49,-08:00,2025-02-05T16:58:49-08:00,0,1
projects/index.html,23,html,23dff4df,mathyoutw,2025-01-16,18:18:37,-08:00,2025-01-16T18:18:37-08:00,0,112
projects/index.html,24,html,23dff4df,mathyoutw,2025-01-16,18:18:37,-08:00,2025-01-16T18:18:37-08:00,0,5
projects/index.html,25,html,d4a29446,mathyoutw,2025-01-06,22:16:48,-08:00,2025-01-06T22:16:48-08:00,0,6
projects/index.html,26,html,d4a29446,mathyoutw,2025-01-06,22:16:48,-08:00,2025-01-06T22:16:48-08:00,0,6
meta/main.js,1,js,17701ebd,mathyoutw,2025-02-13,00:59:54,-08:00,2025-02-13T00:59:54-08:00,0,13
meta/main.js,2,js,17701ebd,mathyoutw,2025-02-13,00:59:54,-08:00,2025-02-13T00:59:54-08:00,0,0
meta/main.js,3,js,17701ebd,mathyoutw,2025-02-13,00:59:54,-08:00,2025-02-13T00:59:54-08:00,0,26
meta/main.js,4,js,17701ebd,mathyoutw,2025-02-13,00:59:54,-08:00,2025-02-13T00:59:54-08:00,0,41
meta/main.js,5,js,17701ebd,mathyoutw,2025-02-13,00:59:54,-08:00,2025-02-13T00:59:54-08:00,0,6
meta/main.js,6,js,17701ebd,mathyoutw,2025-02-13,00:59:54,-08:00,2025-02-13T00:59:54-08:00,0,43
meta/main.js,7,js,17701ebd,mathyoutw,2025-02-13,00:59:54,-08:00,2025-02-13T00:59:54-08:00,0,24
meta/main.js,8,js,17701ebd,mathyoutw,2025-02-13,00:59:54,-08:00,2025-02-13T00:59:54-08:00,0,26
meta/main.js,9,js,17701ebd,mathyoutw,2025-02-13,00:59:54,-08:00,2025-02-13T00:59:54-08:00,0,50
meta/main.js,10,js,17701ebd,mathyoutw,2025-02-13,00:59:54,-08:00,2025-02-13T00:59:54-08:00,0,32
meta/main.js,11,js,17701ebd,mathyoutw,2025-02-13,00:59:54,-08:00,2025-02-13T00:59:54-08:00,0,3
meta/main.js,12,js,17701ebd,mathyoutw,2025-02-13,00:59:54,-08:00,2025-02-13T00:59:54-08:00,0,0
meta/main.js,13,js,17701ebd,mathyoutw,2025-02-13,00:59:54,-08:00,2025-02-13T00:59:54-08:00,0,14
meta/main.js,14,js,17701ebd,mathyoutw,2025-02-13,00:59:54,-08:00,2025-02-13T00:59:54-08:00,0,19
meta/main.js,15,js,17701ebd,mathyoutw,2025-02-13,00:59:54,-08:00,2025-02-13T00:59:54-08:00,0,0
meta/main.js,16,js,17701ebd,mathyoutw,2025-02-13,00:59:54,-08:00,2025-02-13T00:59:54-08:00,0,0
meta/main.js,17,js,17701ebd,mathyoutw,2025-02-13,00:59:54,-08:00,2025-02-13T00:59:54-08:00,0,58
meta/main.js,18,js,17701ebd,mathyoutw,2025-02-13,00:59:54,-08:00,2025-02-13T00:59:54-08:00,0,16
meta/main.js,19,js,17701ebd,mathyoutw,2025-02-13,00:59:54,-08:00,2025-02-13T00:59:54-08:00,0,2
meta/main.js,20,js,17701ebd,mathyoutw,2025-02-13,00:59:54,-08:00,2025-02-13T00:59:54-08:00,0,0
meta/main.js,21,js,17701ebd,mathyoutw,2025-02-13,00:59:54,-08:00,2025-02-13T00:59:54-08:00,0,46
meta/main.js,22,js,17701ebd,mathyoutw,2025-02-13,00:59:54,-08:00,2025-02-13T00:59:54-08:00,0,0
meta/main.js,23,js,17701ebd,mathyoutw,2025-02-13,00:59:54,-08:00,2025-02-13T00:59:54-08:00,0,26
meta/main.js,24,js,17701ebd,mathyoutw,2025-02-13,00:59:54,-08:00,2025-02-13T00:59:54-08:00,0,11
meta/main.js,25,js,17701ebd,mathyoutw,2025-02-13,00:59:54,-08:00,2025-02-13T00:59:54-08:00,0,29
meta/main.js,26,js,17701ebd,mathyoutw,2025-02-13,00:59:54,-08:00,2025-02-13T00:59:54-08:00,0,26
meta/main.js,27,js,17701ebd,mathyoutw,2025-02-13,00:59:54,-08:00,2025-02-13T00:59:54-08:00,0,20
meta/main.js,28,js,17701ebd,mathyoutw,2025-02-13,00:59:54,-08:00,2025-02-13T00:59:54-08:00,0,54
meta/main.js,29,js,17701ebd,mathyoutw,2025-02-13,00:59:54,-08:00,2025-02-13T00:59:54-08:00,0,10
meta/main.js,30,js,17701ebd,mathyoutw,2025-02-13,00:59:54,-08:00,2025-02-13T00:59:54-08:00,0,10
meta/main.js,31,js,17701ebd,mathyoutw,2025-02-13,00:59:54,-08:00,2025-02-13T00:59:54-08:00,0,60
meta/main.js,32,js,17701ebd,mathyoutw,2025-02-13,00:59:54,-08:00,2025-02-13T00:59:54-08:00,0,6
meta/main.js,33,js,17701ebd,mathyoutw,2025-02-13,00:59:54,-08:00,2025-02-13T00:59:54-08:00,0,4
meta/main.js,34,js,17701ebd,mathyoutw,2025-02-13,00:59:54,-08:00,2025-02-13T00:59:54-08:00,0,4
meta/main.js,35,js,17701ebd,mathyoutw,2025-02-13,00:59:54,-08:00,2025-02-13T00:59:54-08:00,0,8
meta/main.js,36,js,17701ebd,mathyoutw,2025-02-13,00:59:54,-08:00,2025-02-13T00:59:54-08:00,0,8
meta/main.js,37,js,17701ebd,mathyoutw,2025-02-13,00:59:54,-08:00,2025-02-13T00:59:54-08:00,0,58
meta/main.js,38,js,17701ebd,mathyoutw,2025-02-13,00:59:54,-08:00,2025-02-13T00:59:54-08:00,0,24
meta/main.js,39,js,17701ebd,mathyoutw,2025-02-13,00:59:54,-08:00,2025-02-13T00:59:54-08:00,0,1
meta/main.js,40,js,17701ebd,mathyoutw,2025-02-13,00:59:54,-08:00,2025-02-13T00:59:54-08:00,0,0
meta/main.js,41,js,17701ebd,mathyoutw,2025-02-13,00:59:54,-08:00,2025-02-13T00:59:54-08:00,0,36
meta/main.js,42,js,17701ebd,mathyoutw,2025-02-13,00:59:54,-08:00,2025-02-13T00:59:54-08:00,0,12
meta/main.js,43,js,17701ebd,mathyoutw,2025-02-13,00:59:54,-08:00,2025-02-13T00:59:54-08:00,0,15
meta/main.js,44,js,17701ebd,mathyoutw,2025-02-13,00:59:54,-08:00,2025-02-13T00:59:54-08:00,0,19
meta/main.js,45,js,17701ebd,mathyoutw,2025-02-13,00:59:54,-08:00,2025-02-13T00:59:54-08:00,0,16
meta/main.js,46,js,17701ebd,mathyoutw,2025-02-13,00:59:54,-08:00,2025-02-13T00:59:54-08:00,0,2
meta/main.js,47,js,17701ebd,mathyoutw,2025-02-13,00:59:54,-08:00,2025-02-13T00:59:54-08:00,0,0
meta/main.js,48,js,17701ebd,mathyoutw,2025-02-13,00:59:54,-08:00,2025-02-13T00:59:54-08:00,0,10
meta/main.js,49,js,17701ebd,mathyoutw,2025-02-13,00:59:54,-08:00,2025-02-13T00:59:54-08:00,0,2
meta/main.js,50,js,17701ebd,mathyoutw,2025-02-13,00:59:54,-08:00,2025-02-13T00:59:54-08:00,0,0
meta/main.js,51,js,17701ebd,mathyoutw,2025-02-13,00:59:54,-08:00,2025-02-13T00:59:54-08:00,0,0
meta/main.js,52,js,17701ebd,mathyoutw,2025-02-13,00:59:54,-08:00,2025-02-13T00:59:54-08:00,0,24
meta/main.js,53,js,17701ebd,mathyoutw,2025-02-13,00:59:54,-08:00,2025-02-13T00:59:54-08:00,0,23
meta/main.js,54,js,17701ebd,mathyoutw,2025-02-13,00:59:54,-08:00,2025-02-13T00:59:54-08:00,0,16
meta/main.js,55,js,17701ebd,mathyoutw,2025-02-13,00:59:54,-08:00,2025-02-13T00:59:54-08:00,0,0
meta/main.js,56,js,17701ebd,mathyoutw,2025-02-13,00:59:54,-08:00,2025-02-13T00:59:54-08:00,0,23
meta/main.js,57,js,17701ebd,mathyoutw,2025-02-13,00:59:54,-08:00,2025-02-13T00:59:54-08:00,0,66
meta/main.js,58,js,17701ebd,mathyoutw,2025-02-13,00:59:54,-08:00,2025-02-13T00:59:54-08:00,0,0
meta/main.js,59,js,17701ebd,mathyoutw,2025-02-13,00:59:54,-08:00,2025-02-13T00:59:54-08:00,0,15
meta/main.js,60,js,17701ebd,mathyoutw,2025-02-13,00:59:54,-08:00,2025-02-13T00:59:54-08:00,0,69
meta/main.js,61,js,17701ebd,mathyoutw,2025-02-13,00:59:54,-08:00,2025-02-13T00:59:54-08:00,0,33
meta/main.js,62,js,17701ebd,mathyoutw,2025-02-13,00:59:54,-08:00,2025-02-13T00:59:54-08:00,0,0
meta/main.js,63,js,17701ebd,mathyoutw,2025-02-13,00:59:54,-08:00,2025-02-13T00:59:54-08:00,0,19
meta/main.js,64,js,17701ebd,mathyoutw,2025-02-13,00:59:54,-08:00,2025-02-13T00:59:54-08:00,0,38
meta/main.js,65,js,17701ebd,mathyoutw,2025-02-13,00:59:54,-08:00,2025-02-13T00:59:54-08:00,0,36
meta/main.js,66,js,17701ebd,mathyoutw,2025-02-13,00:59:54,-08:00,2025-02-13T00:59:54-08:00,0,0
meta/main.js,67,js,17701ebd,mathyoutw,2025-02-13,00:59:54,-08:00,2025-02-13T00:59:54-08:00,0,37
meta/main.js,68,js,17701ebd,mathyoutw,2025-02-13,00:59:54,-08:00,2025-02-13T00:59:54-08:00,0,51
meta/main.js,69,js,17701ebd,mathyoutw,2025-02-13,00:59:54,-08:00,2025-02-13T00:59:54-08:00,0,40
meta/main.js,70,js,17701ebd,mathyoutw,2025-02-13,00:59:54,-08:00,2025-02-13T00:59:54-08:00,0,27
meta/main.js,71,js,17701ebd,mathyoutw,2025-02-13,00:59:54,-08:00,2025-02-13T00:59:54-08:00,0,0
meta/main.js,72,js,17701ebd,mathyoutw,2025-02-13,00:59:54,-08:00,2025-02-13T00:59:54-08:00,0,25
meta/main.js,73,js,17701ebd,mathyoutw,2025-02-13,00:59:54,-08:00,2025-02-13T00:59:54-08:00,0,30
meta/main.js,74,js,17701ebd,mathyoutw,2025-02-13,00:59:54,-08:00,2025-02-13T00:59:54-08:00,0,4
meta/main.js,75,js,17701ebd,mathyoutw,2025-02-13,00:59:54,-08:00,2025-02-13T00:59:54-08:00,0,31
meta/main.js,76,js,17701ebd,mathyoutw,2025-02-13,00:59:54,-08:00,2025-02-13T00:59:54-08:00,0,12
meta/main.js,77,js,17701ebd,mathyoutw,2025-02-13,00:59:54,-08:00,2025-02-13T00:59:54-08:00,0,1
meta/main.js,78,js,17701ebd,mathyoutw,2025-02-13,00:59:54,-08:00,2025-02-13T00:59:54-08:00,0,59
meta/main.js,79,js,17701ebd,mathyoutw,2025-02-13,00:59:54,-08:00,2025-02-13T00:59:54-08:00,0,44
meta/main.js,80,js,17701ebd,mathyoutw,2025-02-13,00:59:54,-08:00,2025-02-13T00:59:54-08:00,0,39
meta/main.js,81,js,17701ebd,mathyoutw,2025-02-13,00:59:54,-08:00,2025-02-13T00:59:54-08:00,0,0
meta/main.js,82,js,17701ebd,mathyoutw,2025-02-13,00:59:54,-08:00,2025-02-13T00:59:54-08:00,0,26
meta/main.js,83,js,17701ebd,mathyoutw,2025-02-13,00:59:54,-08:00,2025-02-13T00:59:54-08:00,0,31
meta/main.js,84,js,17701ebd,mathyoutw,2025-02-13,00:59:54,-08:00,2025-02-13T00:59:54-08:00,0,4
meta/main.js,85,js,17701ebd,mathyoutw,2025-02-13,00:59:54,-08:00,2025-02-13T00:59:54-08:00,0,15
meta/main.js,86,js,17701ebd,mathyoutw,2025-02-13,00:59:54,-08:00,2025-02-13T00:59:54-08:00,0,71
meta/main.js,87,js,17701ebd,mathyoutw,2025-02-13,00:59:54,-08:00,2025-02-13T00:59:54-08:00,0,1
meta/main.js,88,js,17701ebd,mathyoutw,2025-02-13,00:59:54,-08:00,2025-02-13T00:59:54-08:00,0,61
meta/main.js,89,js,17701ebd,mathyoutw,2025-02-13,00:59:54,-08:00,2025-02-13T00:59:54-08:00,0,45
meta/main.js,90,js,17701ebd,mathyoutw,2025-02-13,00:59:54,-08:00,2025-02-13T00:59:54-08:00,0,31
meta/main.js,91,js,17701ebd,mathyoutw,2025-02-13,00:59:54,-08:00,2025-02-13T00:59:54-08:00,0,0
meta/main.js,92,js,17701ebd,mathyoutw,2025-02-13,00:59:54,-08:00,2025-02-13T00:59:54-08:00,0,0
meta/main.js,93,js,87905ee5,mathyoutw,2025-02-13,16:23:59,-08:00,2025-02-13T16:23:59-08:00,0,10
meta/main.js,94,js,87905ee5,mathyoutw,2025-02-13,16:23:59,-08:00,2025-02-13T16:23:59-08:00,0,10
meta/main.js,95,js,87905ee5,mathyoutw,2025-02-13,16:23:59,-08:00,2025-02-13T16:23:59-08:00,0,0
meta/main.js,96,js,17701ebd,mathyoutw,2025-02-13,00:59:54,-08:00,2025-02-13T00:59:54-08:00,0,29
meta/main.js,97,js,17701ebd,mathyoutw,2025-02-13,00:59:54,-08:00,2025-02-13T00:59:54-08:00,0,59
meta/main.js,98,js,17701ebd,mathyoutw,2025-02-13,00:59:54,-08:00,2025-02-13T00:59:54-08:00,0,18
meta/main.js,99,js,17701ebd,mathyoutw,2025-02-13,00:59:54,-08:00,2025-02-13T00:59:54-08:00,0,18
meta/main.js,100,js,17701ebd,mathyoutw,2025-02-13,00:59:54,-08:00,2025-02-13T00:59:54-08:00,0,19
meta/main.js,101,js,17701ebd,mathyoutw,2025-02-13,00:59:54,-08:00,2025-02-13T00:59:54-08:00,0,15
meta/main.js,102,js,17701ebd,mathyoutw,2025-02-13,00:59:54,-08:00,2025-02-13T00:59:54-08:00,0,27
meta/main.js,103,js,17701ebd,mathyoutw,2025-02-13,00:59:54,-08:00,2025-02-13T00:59:54-08:00,0,30
meta/main.js,104,js,17701ebd,mathyoutw,2025-02-13,00:59:54,-08:00,2025-02-13T00:59:54-08:00,0,17
meta/main.js,105,js,17701ebd,mathyoutw,2025-02-13,00:59:54,-08:00,2025-02-13T00:59:54-08:00,0,41
meta/main.js,106,js,17701ebd,mathyoutw,2025-02-13,00:59:54,-08:00,2025-02-13T00:59:54-08:00,0,43
meta/main.js,107,js,17701ebd,mathyoutw,2025-02-13,00:59:54,-08:00,2025-02-13T00:59:54-08:00,0,1
meta/main.js,108,js,87905ee5,mathyoutw,2025-02-13,16:23:59,-08:00,2025-02-13T16:23:59-08:00,0,10
meta/main.js,109,js,17701ebd,mathyoutw,2025-02-13,00:59:54,-08:00,2025-02-13T00:59:54-08:00,0,11
meta/main.js,110,js,17701ebd,mathyoutw,2025-02-13,00:59:54,-08:00,2025-02-13T00:59:54-08:00,0,45
meta/main.js,111,js,17701ebd,mathyoutw,2025-02-13,00:59:54,-08:00,2025-02-13T00:59:54-08:00,0,17
meta/main.js,112,js,17701ebd,mathyoutw,2025-02-13,00:59:54,-08:00,2025-02-13T00:59:54-08:00,0,7
meta/main.js,113,js,17701ebd,mathyoutw,2025-02-13,00:59:54,-08:00,2025-02-13T00:59:54-08:00,0,0
meta/main.js,114,js,87905ee5,mathyoutw,2025-02-13,16:23:59,-08:00,2025-02-13T16:23:59-08:00,0,60
meta/main.js,115,js,17701ebd,mathyoutw,2025-02-13,00:59:54,-08:00,2025-02-13T00:59:54-08:00,0,0
meta/main.js,116,js,17701ebd,mathyoutw,2025-02-13,00:59:54,-08:00,2025-02-13T00:59:54-08:00,0,31
meta/main.js,117,js,17701ebd,mathyoutw,2025-02-13,00:59:54,-08:00,2025-02-13T00:59:54-08:00,0,49
meta/main.js,118,js,17701ebd,mathyoutw,2025-02-13,00:59:54,-08:00,2025-02-13T00:59:54-08:00,0,49
meta/main.js,119,js,17701ebd,mathyoutw,2025-02-13,00:59:54,-08:00,2025-02-13T00:59:54-08:00,0,0
meta/main.js,120,js,17701ebd,mathyoutw,2025-02-13,00:59:54,-08:00,2025-02-13T00:59:54-08:00,0,17
meta/main.js,121,js,17701ebd,mathyoutw,2025-02-13,00:59:54,-08:00,2025-02-13T00:59:54-08:00,0,35
meta/main.js,122,js,17701ebd,mathyoutw,2025-02-13,00:59:54,-08:00,2025-02-13T00:59:54-08:00,0,15
meta/main.js,123,js,17701ebd,mathyoutw,2025-02-13,00:59:54,-08:00,2025-02-13T00:59:54-08:00,0,16
meta/main.js,124,js,17701ebd,mathyoutw,2025-02-13,00:59:54,-08:00,2025-02-13T00:59:54-08:00,0,59
meta/main.js,125,js,17701ebd,mathyoutw,2025-02-13,00:59:54,-08:00,2025-02-13T00:59:54-08:00,0,0
meta/main.js,126,js,17701ebd,mathyoutw,2025-02-13,00:59:54,-08:00,2025-02-13T00:59:54-08:00,0,13
meta/main.js,127,js,17701ebd,mathyoutw,2025-02-13,00:59:54,-08:00,2025-02-13T00:59:54-08:00,0,16
meta/main.js,128,js,17701ebd,mathyoutw,2025-02-13,00:59:54,-08:00,2025-02-13T00:59:54-08:00,0,13
meta/main.js,129,js,17701ebd,mathyoutw,2025-02-13,00:59:54,-08:00,2025-02-13T00:59:54-08:00,0,63
meta/main.js,130,js,17701ebd,mathyoutw,2025-02-13,00:59:54,-08:00,2025-02-13T00:59:54-08:00,0,29
meta/main.js,131,js,17701ebd,mathyoutw,2025-02-13,00:59:54,-08:00,2025-02-13T00:59:54-08:00,0,0
meta/main.js,132,js,17701ebd,mathyoutw,2025-02-13,00:59:54,-08:00,2025-02-13T00:59:54-08:00,0,31
meta/main.js,133,js,17701ebd,mathyoutw,2025-02-13,00:59:54,-08:00,2025-02-13T00:59:54-08:00,0,20
meta/main.js,134,js,17701ebd,mathyoutw,2025-02-13,00:59:54,-08:00,2025-02-13T00:59:54-08:00,0,11
meta/main.js,135,js,17701ebd,mathyoutw,2025-02-13,00:59:54,-08:00,2025-02-13T00:59:54-08:00,0,26
meta/main.js,136,js,17701ebd,mathyoutw,2025-02-13,00:59:54,-08:00,2025-02-13T00:59:54-08:00,0,54
meta/main.js,137,js,17701ebd,mathyoutw,2025-02-13,00:59:54,-08:00,2025-02-13T00:59:54-08:00,0,0
meta/main.js,138,js,17701ebd,mathyoutw,2025-02-13,00:59:54,-08:00,2025-02-13T00:59:54-08:00,0,65
meta/main.js,139,js,17701ebd,mathyoutw,2025-02-13,00:59:54,-08:00,2025-02-13T00:59:54-08:00,0,78
meta/main.js,140,js,17701ebd,mathyoutw,2025-02-13,00:59:54,-08:00,2025-02-13T00:59:54-08:00,0,0
meta/main.js,141,js,17701ebd,mathyoutw,2025-02-13,00:59:54,-08:00,2025-02-13T00:59:54-08:00,0,12
meta/main.js,142,js,17701ebd,mathyoutw,2025-02-13,00:59:54,-08:00,2025-02-13T00:59:54-08:00,0,2
meta/main.js,143,js,17701ebd,mathyoutw,2025-02-13,00:59:54,-08:00,2025-02-13T00:59:54-08:00,0,11
meta/main.js,144,js,17701ebd,mathyoutw,2025-02-13,00:59:54,-08:00,2025-02-13T00:59:54-08:00,0,55
meta/main.js,145,js,17701ebd,mathyoutw,2025-02-13,00:59:54,-08:00,2025-02-13T00:59:54-08:00,0,12
meta/main.js,146,js,17701ebd,mathyoutw,2025-02-13,00:59:54,-08:00,2025-02-13T00:59:54-08:00,0,0
meta/main.js,147,js,17701ebd,mathyoutw,2025-02-13,00:59:54,-08:00,2025-02-13T00:59:54-08:00,0,12
meta/main.js,148,js,17701ebd,mathyoutw,2025-02-13,00:59:54,-08:00,2025-02-13T00:59:54-08:00,0,2
meta/main.js,149,js,17701ebd,mathyoutw,2025-02-13,00:59:54,-08:00,2025-02-13T00:59:54-08:00,0,11
meta/main.js,150,js,17701ebd,mathyoutw,2025-02-13,00:59:54,-08:00,2025-02-13T00:59:54-08:00,0,53
meta/main.js,151,js,17701ebd,mathyoutw,2025-02-13,00:59:54,-08:00,2025-02-13T00:59:54-08:00,0,12
meta/main.js,152,js,17701ebd,mathyoutw,2025-02-13,00:59:54,-08:00,2025-02-13T00:59:54-08:00,0,0
meta/main.js,153,js,17701ebd,mathyoutw,2025-02-13,00:59:54,-08:00,2025-02-13T00:59:54-08:00,0,50
meta/main.js,154,js,87905ee5,mathyoutw,2025-02-13,16:23:59,-08:00,2025-02-13T16:23:59-08:00,0,68
meta/main.js,155,js,87905ee5,mathyoutw,2025-02-13,16:23:59,-08:00,2025-02-13T16:23:59-08:00,0,16
meta/main.js,156,js,87905ee5,mathyoutw,2025-02-13,16:23:59,-08:00,2025-02-13T16:23:59-08:00,0,36
meta/main.js,157,js,87905ee5,mathyoutw,2025-02-13,16:23:59,-08:00,2025-02-13T16:23:59-08:00,0,28
meta/main.js,158,js,87905ee5,mathyoutw,2025-02-13,16:23:59,-08:00,2025-02-13T16:23:59-08:00,0,16
meta/main.js,159,js,87905ee5,mathyoutw,2025-02-13,16:23:59,-08:00,2025-02-13T16:23:59-08:00,0,60
meta/main.js,160,js,17701ebd,mathyoutw,2025-02-13,00:59:54,-08:00,2025-02-13T00:59:54-08:00,0,0
meta/main.js,161,js,17701ebd,mathyoutw,2025-02-13,00:59:54,-08:00,2025-02-13T00:59:54-08:00,0,3
meta/main.js,162,js,17701ebd,mathyoutw,2025-02-13,00:59:54,-08:00,2025-02-13T00:59:54-08:00,0,19
meta/main.js,163,js,87905ee5,mathyoutw,2025-02-13,16:23:59,-08:00,2025-02-13T16:23:59-08:00,0,19
meta/main.js,164,js,17701ebd,mathyoutw,2025-02-13,00:59:54,-08:00,2025-02-13T00:59:54-08:00,0,14
meta/main.js,165,js,17701ebd,mathyoutw,2025-02-13,00:59:54,-08:00,2025-02-13T00:59:54-08:00,0,37
meta/main.js,166,js,17701ebd,mathyoutw,2025-02-13,00:59:54,-08:00,2025-02-13T00:59:54-08:00,0,37
meta/main.js,167,js,87905ee5,mathyoutw,2025-02-13,16:23:59,-08:00,2025-02-13T16:23:59-08:00,0,38
meta/main.js,168,js,17701ebd,mathyoutw,2025-02-13,00:59:54,-08:00,2025-02-13T00:59:54-08:00,0,25
meta/main.js,169,js,87905ee5,mathyoutw,2025-02-13,16:23:59,-08:00,2025-02-13T16:23:59-08:00,0,26
meta/main.js,170,js,17701ebd,mathyoutw,2025-02-13,00:59:54,-08:00,2025-02-13T00:59:54-08:00,0,37
meta/main.js,171,js,87905ee5,mathyoutw,2025-02-13,16:23:59,-08:00,2025-02-13T16:23:59-08:00,0,55
meta/main.js,172,js,17701ebd,mathyoutw,2025-02-13,00:59:54,-08:00,2025-02-13T00:59:54-08:00,0,28
meta/main.js,173,js,17701ebd,mathyoutw,2025-02-13,00:59:54,-08:00,2025-02-13T00:59:54-08:00,0,29
meta/main.js,174,js,17701ebd,mathyoutw,2025-02-13,00:59:54,-08:00,2025-02-13T00:59:54-08:00,0,28
meta/main.js,175,js,17701ebd,mathyoutw,2025-02-13,00:59:54,-08:00,2025-02-13T00:59:54-08:00,0,1
meta/main.js,176,js,17701ebd,mathyoutw,2025-02-13,00:59:54,-08:00,2025-02-13T00:59:54-08:00,0,24
meta/main.js,177,js,87905ee5,mathyoutw,2025-02-13,16:23:59,-08:00,2025-02-13T16:23:59-08:00,0,57
meta/main.js,178,js,17701ebd,mathyoutw,2025-02-13,00:59:54,-08:00,2025-02-13T00:59:54-08:00,0,24
meta/main.js,179,js,17701ebd,mathyoutw,2025-02-13,00:59:54,-08:00,2025-02-13T00:59:54-08:00,0,30
meta/main.js,180,js,17701ebd,mathyoutw,2025-02-13,00:59:54,-08:00,2025-02-13T00:59:54-08:00,0,2
meta/main.js,181,js,87905ee5,mathyoutw,2025-02-13,16:23:59,-08:00,2025-02-13T16:23:59-08:00,0,0
meta/main.js,182,js,87905ee5,mathyoutw,2025-02-13,16:23:59,-08:00,2025-02-13T16:23:59-08:00,0,15
meta/main.js,183,js,17701ebd,mathyoutw,2025-02-13,00:59:54,-08:00,2025-02-13T00:59:54-08:00,0,0
meta/main.js,184,js,17701ebd,mathyoutw,2025-02-13,00:59:54,-08:00,2025-02-13T00:59:54-08:00,0,0
meta/main.js,185,js,17701ebd,mathyoutw,2025-02-13,00:59:54,-08:00,2025-02-13T00:59:54-08:00,0,38
meta/main.js,186,js,17701ebd,mathyoutw,2025-02-13,00:59:54,-08:00,2025-02-13T00:59:54-08:00,0,51
meta/main.js,187,js,17701ebd,mathyoutw,2025-02-13,00:59:54,-08:00,2025-02-13T00:59:54-08:00,0,51
meta/main.js,188,js,17701ebd,mathyoutw,2025-02-13,00:59:54,-08:00,2025-02-13T00:59:54-08:00,0,0
meta/main.js,189,js,17701ebd,mathyoutw,2025-02-13,00:59:54,-08:00,2025-02-13T00:59:54-08:00,0,44
meta/main.js,190,js,17701ebd,mathyoutw,2025-02-13,00:59:54,-08:00,2025-02-13T00:59:54-08:00,0,0
meta/main.js,191,js,17701ebd,mathyoutw,2025-02-13,00:59:54,-08:00,2025-02-13T00:59:54-08:00,0,22
meta/main.js,192,js,17701ebd,mathyoutw,2025-02-13,00:59:54,-08:00,2025-02-13T00:59:54-08:00,0,28
meta/main.js,193,js,17701ebd,mathyoutw,2025-02-13,00:59:54,-08:00,2025-02-13T00:59:54-08:00,0,57
meta/main.js,194,js,17701ebd,mathyoutw,2025-02-13,00:59:54,-08:00,2025-02-13T00:59:54-08:00,0,17
meta/main.js,195,js,17701ebd,mathyoutw,2025-02-13,00:59:54,-08:00,2025-02-13T00:59:54-08:00,0,2
meta/main.js,196,js,17701ebd,mathyoutw,2025-02-13,00:59:54,-08:00,2025-02-13T00:59:54-08:00,0,0
meta/main.js,197,js,17701ebd,mathyoutw,2025-02-13,00:59:54,-08:00,2025-02-13T00:59:54-08:00,0,0
meta/main.js,198,js,17701ebd,mathyoutw,2025-02-13,00:59:54,-08:00,2025-02-13T00:59:54-08:00,0,44
meta/main.js,199,js,17701ebd,mathyoutw,2025-02-13,00:59:54,-08:00,2025-02-13T00:59:54-08:00,0,57
meta/main.js,200,js,17701ebd,mathyoutw,2025-02-13,00:59:54,-08:00,2025-02-13T00:59:54-08:00,0,27
meta/main.js,201,js,17701ebd,mathyoutw,2025-02-13,00:59:54,-08:00,2025-02-13T00:59:54-08:00,0,0
meta/main.js,202,js,17701ebd,mathyoutw,2025-02-13,00:59:54,-08:00,2025-02-13T00:59:54-08:00,0,0
meta/main.js,203,js,17701ebd,mathyoutw,2025-02-13,00:59:54,-08:00,2025-02-13T00:59:54-08:00,0,38
meta/main.js,204,js,17701ebd,mathyoutw,2025-02-13,00:59:54,-08:00,2025-02-13T00:59:54-08:00,0,57
meta/main.js,205,js,17701ebd,mathyoutw,2025-02-13,00:59:54,-08:00,2025-02-13T00:59:54-08:00,0,41
meta/main.js,206,js,17701ebd,mathyoutw,2025-02-13,00:59:54,-08:00,2025-02-13T00:59:54-08:00,0,40
meta/main.js,207,js,87905ee5,mathyoutw,2025-02-13,16:23:59,-08:00,2025-02-13T16:23:59-08:00,0,0
meta/main.js,208,js,87905ee5,mathyoutw,2025-02-13,16:23:59,-08:00,2025-02-13T16:23:59-08:00,0,0
meta/main.js,209,js,87905ee5,mathyoutw,2025-02-13,16:23:59,-08:00,2025-02-13T16:23:59-08:00,0,25
meta/main.js,210,js,87905ee5,mathyoutw,2025-02-13,16:23:59,-08:00,2025-02-13T16:23:59-08:00,0,41
meta/main.js,211,js,87905ee5,mathyoutw,2025-02-13,16:23:59,-08:00,2025-02-13T16:23:59-08:00,0,62
meta/main.js,212,js,87905ee5,mathyoutw,2025-02-13,16:23:59,-08:00,2025-02-13T16:23:59-08:00,0,55
meta/main.js,213,js,87905ee5,mathyoutw,2025-02-13,16:23:59,-08:00,2025-02-13T16:23:59-08:00,0,0
meta/main.js,214,js,87905ee5,mathyoutw,2025-02-13,16:23:59,-08:00,2025-02-13T16:23:59-08:00,0,0
meta/main.js,215,js,87905ee5,mathyoutw,2025-02-13,16:23:59,-08:00,2025-02-13T16:23:59-08:00,0,25
meta/main.js,216,js,87905ee5,mathyoutw,2025-02-13,16:23:59,-08:00,2025-02-13T16:23:59-08:00,0,0
meta/main.js,217,js,87905ee5,mathyoutw,2025-02-13,16:23:59,-08:00,2025-02-13T16:23:59-08:00,0,24
meta/main.js,218,js,87905ee5,mathyoutw,2025-02-13,16:23:59,-08:00,2025-02-13T16:23:59-08:00,0,32
meta/main.js,219,js,87905ee5,mathyoutw,2025-02-13,16:23:59,-08:00,2025-02-13T16:23:59-08:00,0,17
meta/main.js,220,js,87905ee5,mathyoutw,2025-02-13,16:23:59,-08:00,2025-02-13T16:23:59-08:00,0,25
meta/main.js,221,js,87905ee5,mathyoutw,2025-02-13,16:23:59,-08:00,2025-02-13T16:23:59-08:00,0,0
meta/main.js,222,js,87905ee5,mathyoutw,2025-02-13,16:23:59,-08:00,2025-02-13T16:23:59-08:00,0,0
meta/main.js,223,js,87905ee5,mathyoutw,2025-02-13,16:23:59,-08:00,2025-02-13T16:23:59-08:00,0,34
meta/main.js,224,js,87905ee5,mathyoutw,2025-02-13,16:23:59,-08:00,2025-02-13T16:23:59-08:00,0,33
meta/main.js,225,js,87905ee5,mathyoutw,2025-02-13,16:23:59,-08:00,2025-02-13T16:23:59-08:00,0,64
meta/main.js,226,js,87905ee5,mathyoutw,2025-02-13,16:23:59,-08:00,2025-02-13T16:23:59-08:00,0,64
meta/main.js,227,js,87905ee5,mathyoutw,2025-02-13,16:23:59,-08:00,2025-02-13T16:23:59-08:00,0,64
meta/main.js,228,js,87905ee5,mathyoutw,2025-02-13,16:23:59,-08:00,2025-02-13T16:23:59-08:00,0,59
meta/main.js,229,js,87905ee5,mathyoutw,2025-02-13,16:23:59,-08:00,2025-02-13T16:23:59-08:00,0,0
meta/main.js,230,js,87905ee5,mathyoutw,2025-02-13,16:23:59,-08:00,2025-02-13T16:23:59-08:00,0,0
meta/main.js,231,js,87905ee5,mathyoutw,2025-02-13,16:23:59,-08:00,2025-02-13T16:23:59-08:00,0,27
meta/main.js,232,js,87905ee5,mathyoutw,2025-02-13,16:23:59,-08:00,2025-02-13T16:23:59-08:00,0,48
meta/main.js,233,js,87905ee5,mathyoutw,2025-02-13,16:23:59,-08:00,2025-02-13T16:23:59-08:00,0,70
meta/main.js,234,js,87905ee5,mathyoutw,2025-02-13,16:23:59,-08:00,2025-02-13T16:23:59-08:00,0,37
meta/main.js,235,js,87905ee5,mathyoutw,2025-02-13,16:23:59,-08:00,2025-02-13T16:23:59-08:00,0,33
meta/main.js,236,js,87905ee5,mathyoutw,2025-02-13,16:23:59,-08:00,2025-02-13T16:23:59-08:00,0,4
meta/main.js,237,js,87905ee5,mathyoutw,2025-02-13,16:23:59,-08:00,2025-02-13T16:23:59-08:00,0,0
meta/main.js,238,js,87905ee5,mathyoutw,2025-02-13,16:23:59,-08:00,2025-02-13T16:23:59-08:00,0,63
meta/main.js,239,js,87905ee5,mathyoutw,2025-02-13,16:23:59,-08:00,2025-02-13T16:23:59-08:00,0,29
meta/main.js,240,js,87905ee5,mathyoutw,2025-02-13,16:23:59,-08:00,2025-02-13T16:23:59-08:00,0,29
meta/main.js,241,js,87905ee5,mathyoutw,2025-02-13,16:23:59,-08:00,2025-02-13T16:23:59-08:00,0,19
meta/main.js,242,js,87905ee5,mathyoutw,2025-02-13,16:23:59,-08:00,2025-02-13T16:23:59-08:00,0,0
meta/main.js,243,js,87905ee5,mathyoutw,2025-02-13,16:23:59,-08:00,2025-02-13T16:23:59-08:00,0,22
meta/main.js,244,js,87905ee5,mathyoutw,2025-02-13,16:23:59,-08:00,2025-02-13T16:23:59-08:00,0,0
meta/main.js,245,js,87905ee5,mathyoutw,2025-02-13,16:23:59,-08:00,2025-02-13T16:23:59-08:00,0,0
meta/main.js,246,js,87905ee5,mathyoutw,2025-02-13,16:23:59,-08:00,2025-02-13T16:23:59-08:00,0,35
meta/main.js,247,js,87905ee5,mathyoutw,2025-02-13,16:23:59,-08:00,2025-02-13T16:23:59-08:00,0,37
meta/main.js,248,js,87905ee5,mathyoutw,2025-02-13,16:23:59,-08:00,2025-02-13T16:23:59-08:00,0,33
meta/main.js,249,js,87905ee5,mathyoutw,2025-02-13,16:23:59,-08:00,2025-02-13T16:23:59-08:00,0,4
meta/main.js,250,js,87905ee5,mathyoutw,2025-02-13,16:23:59,-08:00,2025-02-13T16:23:59-08:00,0,63
meta/main.js,251,js,87905ee5,mathyoutw,2025-02-13,16:23:59,-08:00,2025-02-13T16:23:59-08:00,0,0
meta/main.js,252,js,87905ee5,mathyoutw,2025-02-13,16:23:59,-08:00,2025-02-13T16:23:59-08:00,0,34
meta/main.js,253,js,87905ee5,mathyoutw,2025-02-13,16:23:59,-08:00,2025-02-13T16:23:59-08:00,0,24
meta/main.js,254,js,87905ee5,mathyoutw,2025-02-13,16:23:59,-08:00,2025-02-13T16:23:59-08:00,0,6
meta/main.js,255,js,87905ee5,mathyoutw,2025-02-13,16:23:59,-08:00,2025-02-13T16:23:59-08:00,0,0
meta/main.js,256,js,87905ee5,mathyoutw,2025-02-13,16:23:59,-08:00,2025-02-13T16:23:59-08:00,0,74
meta/main.js,257,js,87905ee5,mathyoutw,2025-02-13,16:23:59,-08:00,2025-02-13T16:23:59-08:00,0,53
meta/main.js,258,js,87905ee5,mathyoutw,2025-02-13,16:23:59,-08:00,2025-02-13T16:23:59-08:00,0,0
meta/main.js,259,js,87905ee5,mathyoutw,2025-02-13,16:23:59,-08:00,2025-02-13T16:23:59-08:00,0,43
meta/main.js,260,js,87905ee5,mathyoutw,2025-02-13,16:23:59,-08:00,2025-02-13T16:23:59-08:00,0,27
meta/main.js,261,js,87905ee5,mathyoutw,2025-02-13,16:23:59,-08:00,2025-02-13T16:23:59-08:00,0,5
meta/main.js,262,js,87905ee5,mathyoutw,2025-02-13,16:23:59,-08:00,2025-02-13T16:23:59-08:00,0,15
meta/main.js,263,js,87905ee5,mathyoutw,2025-02-13,16:23:59,-08:00,2025-02-13T16:23:59-08:00,0,12
meta/main.js,264,js,87905ee5,mathyoutw,2025-02-13,16:23:59,-08:00,2025-02-13T16:23:59-08:00,0,1
meta/main.js,265,js,87905ee5,mathyoutw,2025-02-13,16:23:59,-08:00,2025-02-13T16:23:59-08:00,0,0
meta/main.js,266,js,87905ee5,mathyoutw,2025-02-13,16:23:59,-08:00,2025-02-13T16:23:59-08:00,0,27
meta/main.js,267,js,87905ee5,mathyoutw,2025-02-13,16:23:59,-08:00,2025-02-13T16:23:59-08:00,0,24
meta/main.js,268,js,87905ee5,mathyoutw,2025-02-13,16:23:59,-08:00,2025-02-13T16:23:59-08:00,0,0
meta/main.js,269,js,87905ee5,mathyoutw,2025-02-13,16:23:59,-08:00,2025-02-13T16:23:59-08:00,0,43
meta/main.js,270,js,87905ee5,mathyoutw,2025-02-13,16:23:59,-08:00,2025-02-13T16:23:59-08:00,0,39
meta/main.js,271,js,87905ee5,mathyoutw,2025-02-13,16:23:59,-08:00,2025-02-13T16:23:59-08:00,0,47
meta/main.js,272,js,87905ee5,mathyoutw,2025-02-13,16:23:59,-08:00,2025-02-13T16:23:59-08:00,0,0
meta/main.js,273,js,87905ee5,mathyoutw,2025-02-13,16:23:59,-08:00,2025-02-13T16:23:59-08:00,0,23
meta/main.js,274,js,87905ee5,mathyoutw,2025-02-13,16:23:59,-08:00,2025-02-13T16:23:59-08:00,0,19
meta/main.js,275,js,87905ee5,mathyoutw,2025-02-13,16:23:59,-08:00,2025-02-13T16:23:59-08:00,0,37
meta/main.js,276,js,87905ee5,mathyoutw,2025-02-13,16:23:59,-08:00,2025-02-13T16:23:59-08:00,0,1
meta/main.js,277,js,87905ee5,mathyoutw,2025-02-13,16:23:59,-08:00,2025-02-13T16:23:59-08:00,0,0
meta/main.js,278,js,87905ee5,mathyoutw,2025-02-13,16:23:59,-08:00,2025-02-13T16:23:59-08:00,0,0
meta/main.js,279,js,87905ee5,mathyoutw,2025-02-13,16:23:59,-08:00,2025-02-13T16:23:59-08:00,0,16
meta/main.js,280,js,17701ebd,mathyoutw,2025-02-13,00:59:54,-08:00,2025-02-13T00:59:54-08:00,0,0
meta/index.html,1,html,cc120eba,mathyoutw,2025-02-12,23:44:13,-08:00,2025-02-12T23:44:13-08:00,0,14
meta/index.html,2,html,cc120eba,mathyoutw,2025-02-12,23:44:13,-08:00,2025-02-12T23:44:13-08:00,0,15
meta/index.html,3,html,cc120eba,mathyoutw,2025-02-12,23:44:13,-08:00,2025-02-12T23:44:13-08:00,0,5
meta/index.html,4,html,cc120eba,mathyoutw,2025-02-12,23:44:13,-08:00,2025-02-12T23:44:13-08:00,0,21
meta/index.html,5,html,cc120eba,mathyoutw,2025-02-12,23:44:13,-08:00,2025-02-12T23:44:13-08:00,0,69
meta/index.html,6,html,cc120eba,mathyoutw,2025-02-12,23:44:13,-08:00,2025-02-12T23:44:13-08:00,0,42
meta/index.html,7,html,17701ebd,mathyoutw,2025-02-13,00:59:54,-08:00,2025-02-13T00:59:54-08:00,0,44
meta/index.html,8,html,cc120eba,mathyoutw,2025-02-12,23:44:13,-08:00,2025-02-12T23:44:13-08:00,0,49
meta/index.html,9,html,17701ebd,mathyoutw,2025-02-13,00:59:54,-08:00,2025-02-13T00:59:54-08:00,0,52
meta/index.html,10,html,cc120eba,mathyoutw,2025-02-12,23:44:13,-08:00,2025-02-12T23:44:13-08:00,0,18
meta/index.html,11,html,cc120eba,mathyoutw,2025-02-12,23:44:13,-08:00,2025-02-12T23:44:13-08:00,0,6
meta/index.html,12,html,cc120eba,mathyoutw,2025-02-12,23:44:13,-08:00,2025-02-12T23:44:13-08:00,0,5
meta/index.html,13,html,17701ebd,mathyoutw,2025-02-13,00:59:54,-08:00,2025-02-13T00:59:54-08:00,0,15
meta/index.html,14,html,17701ebd,mathyoutw,2025-02-13,00:59:54,-08:00,2025-02-13T00:59:54-08:00,0,15
meta/index.html,15,html,17701ebd,mathyoutw,2025-02-13,00:59:54,-08:00,2025-02-13T00:59:54-08:00,0,5
meta/index.html,16,html,17701ebd,mathyoutw,2025-02-13,00:59:54,-08:00,2025-02-13T00:59:54-08:00,0,30
meta/index.html,17,html,17701ebd,mathyoutw,2025-02-13,00:59:54,-08:00,2025-02-13T00:59:54-08:00,0,21
meta/index.html,18,html,17701ebd,mathyoutw,2025-02-13,00:59:54,-08:00,2025-02-13T00:59:54-08:00,0,44
meta/index.html,19,html,17701ebd,mathyoutw,2025-02-13,00:59:54,-08:00,2025-02-13T00:59:54-08:00,0,14
meta/index.html,20,html,17701ebd,mathyoutw,2025-02-13,00:59:54,-08:00,2025-02-13T00:59:54-08:00,0,3
meta/index.html,21,html,17701ebd,mathyoutw,2025-02-13,00:59:54,-08:00,2025-02-13T00:59:54-08:00,0,47
meta/index.html,22,html,17701ebd,mathyoutw,2025-02-13,00:59:54,-08:00,2025-02-13T00:59:54-08:00,0,4
meta/index.html,23,html,17701ebd,mathyoutw,2025-02-13,00:59:54,-08:00,2025-02-13T00:59:54-08:00,0,0
meta/index.html,24,html,17701ebd,mathyoutw,2025-02-13,00:59:54,-08:00,2025-02-13T00:59:54-08:00,0,12
meta/index.html,25,html,17701ebd,mathyoutw,2025-02-13,00:59:54,-08:00,2025-02-13T00:59:54-08:00,0,25
meta/index.html,26,html,17701ebd,mathyoutw,2025-02-13,00:59:54,-08:00,2025-02-13T00:59:54-08:00,0,0
meta/index.html,27,html,17701ebd,mathyoutw,2025-02-13,00:59:54,-08:00,2025-02-13T00:59:54-08:00,0,39
meta/index.html,28,html,17701ebd,mathyoutw,2025-02-13,00:59:54,-08:00,2025-02-13T00:59:54-08:00,0,4
meta/index.html,29,html,87905ee5,mathyoutw,2025-02-13,16:23:59,-08:00,2025-02-13T16:23:59-08:00,0,4
meta/index.html,30,html,87905ee5,mathyoutw,2025-02-13,16:23:59,-08:00,2025-02-13T16:23:59-08:00,0,46
meta/index.html,31,html,87905ee5,mathyoutw,2025-02-13,16:23:59,-08:00,2025-02-13T16:23:59-08:00,0,46
meta/index.html,32,html,87905ee5,mathyoutw,2025-02-13,16:23:59,-08:00,2025-02-13T16:23:59-08:00,0,5
meta/index.html,33,html,87905ee5,mathyoutw,2025-02-13,16:23:59,-08:00,2025-02-13T16:23:59-08:00,0,0
meta/index.html,34,html,cc120eba,mathyoutw,2025-02-12,23:44:13,-08:00,2025-02-12T23:44:13-08:00,0,6
meta/index.html,35,html,cc120eba,mathyoutw,2025-02-12,23:44:13,-08:00,2025-02-12T23:44:13-08:00,0,6
contact/index.html,1,html,d4a29446,mathyoutw,2025-01-06,22:16:48,-08:00,2025-01-06T22:16:48-08:00,0,14
contact/index.html,2,html,d4a29446,mathyoutw,2025-01-06,22:16:48,-08:00,2025-01-06T22:16:48-08:00,0,15
contact/index.html,3,html,d4a29446,mathyoutw,2025-01-06,22:16:48,-08:00,2025-01-06T22:16:48-08:00,0,5
contact/index.html,4,html,d4a29446,mathyoutw,2025-01-06,22:16:48,-08:00,2025-01-06T22:16:48-08:00,0,21
contact/index.html,5,html,d4a29446,mathyoutw,2025-01-06,22:16:48,-08:00,2025-01-06T22:16:48-08:00,0,69
contact/index.html,6,html,77aa60a3,mathyoutw,2025-01-22,21:24:29,-08:00,2025-01-22T21:24:29-08:00,0,42
contact/index.html,7,html,77aa60a3,mathyoutw,2025-01-22,21:24:29,-08:00,2025-01-22T21:24:29-08:00,0,49
contact/index.html,8,html,d4a29446,mathyoutw,2025-01-06,22:16:48,-08:00,2025-01-06T22:16:48-08:00,0,21
contact/index.html,9,html,d4a29446,mathyoutw,2025-01-06,22:16:48,-08:00,2025-01-06T22:16:48-08:00,0,6
contact/index.html,10,html,070fb756,mathyoutw,2025-01-24,18:31:32,-08:00,2025-01-24T18:31:32-08:00,0,5
contact/index.html,11,html,c6c52244,mathyoutw,2025-01-16,17:21:01,-08:00,2025-01-16T17:21:01-08:00,0,15
contact/index.html,12,html,c6c52244,mathyoutw,2025-01-16,17:21:01,-08:00,2025-01-16T17:21:01-08:00,0,0
contact/index.html,13,html,9675f69c,mathyoutw,2025-01-16,17:44:23,-08:00,2025-01-16T17:44:23-08:00,0,150
contact/index.html,14,html,9675f69c,mathyoutw,2025-01-16,17:44:23,-08:00,2025-01-16T17:44:23-08:00,0,92
contact/index.html,15,html,9343b5ee,mathyoutw,2025-01-08,13:54:16,-08:00,2025-01-08T13:54:16-08:00,0,47
contact/index.html,16,html,9343b5ee,mathyoutw,2025-01-08,13:54:16,-08:00,2025-01-08T13:54:16-08:00,0,7
contact/index.html,17,html,9675f69c,mathyoutw,2025-01-16,17:44:23,-08:00,2025-01-16T17:44:23-08:00,0,94
contact/index.html,18,html,9343b5ee,mathyoutw,2025-01-08,13:54:16,-08:00,2025-01-08T13:54:16-08:00,0,38
contact/index.html,19,html,9343b5ee,mathyoutw,2025-01-08,13:54:16,-08:00,2025-01-08T13:54:16-08:00,0,7
contact/index.html,20,html,9675f69c,mathyoutw,2025-01-16,17:44:23,-08:00,2025-01-16T17:44:23-08:00,0,94
contact/index.html,21,html,9343b5ee,mathyoutw,2025-01-08,13:54:16,-08:00,2025-01-08T13:54:16-08:00,0,37
contact/index.html,22,html,9343b5ee,mathyoutw,2025-01-08,13:54:16,-08:00,2025-01-08T13:54:16-08:00,0,7
contact/index.html,23,html,9675f69c,mathyoutw,2025-01-16,17:44:23,-08:00,2025-01-16T17:44:23-08:00,0,94
contact/index.html,24,html,9343b5ee,mathyoutw,2025-01-08,13:54:16,-08:00,2025-01-08T13:54:16-08:00,0,6
contact/index.html,25,html,d4a29446,mathyoutw,2025-01-06,22:16:48,-08:00,2025-01-06T22:16:48-08:00,0,6
contact/index.html,26,html,d4a29446,mathyoutw,2025-01-06,22:16:48,-08:00,2025-01-06T22:16:48-08:00,0,6
